rho,sample_id
0.6474209,0
0.9243671,1
0.6711707,2
0.89220536,3
0.82474715,4
0.61497575,5
0.9454733,6
0.9004336,7
0.8409055,8
0.7358441,9
0.9054705,10
0.8331609,11
0.72425056,12
0.85750836,13
0.7855602,14
0.65622276,15
0.6370568,16
0.78942424,17
0.69536865,18
0.8485643,19
0.8157283,20
0.90502316,21
0.7064734,22
0.9387311,23
0.7949842,24
0.6659182,25
0.9144176,26
0.8820022,27
0.75560385,28
0.6386809,29
0.8300154,30
0.798597,31
0.79671,32
0.7116616,33
0.8645088,34
0.89004517,35
0.7709222,36
0.8652029,37
0.85421276,38
0.6330777,39
0.7596996,40
0.7398902,41
0.69333816,42
0.87847334,43
0.85372967,44
0.67350405,45
0.680396,46
0.8424713,47
0.7663849,48
0.73103017,49
0.8672373,50
0.81416476,51
0.8047801,52
0.6906251,53
0.68962234,54
0.7892371,55
0.8626475,56
0.69458216,57
0.726992,58
0.8509527,59
0.85921097,60
0.90102404,61
0.6806588,62
0.878735,63
0.73632944,64
0.8841789,65
0.6906482,66
0.66068405,67
0.8323164,68
0.91444916,69
0.6079303,70
0.66041446,71
0.6289163,72
0.8783024,73
0.61117536,74
0.69762474,75
0.84414357,76
0.81725746,77
0.85302395,78
0.7294507,79
0.7266822,80
0.6689338,81
0.73667496,82
0.73657495,83
0.6831751,84
0.77437824,85
0.8991001,86
0.9393601,87
0.8585428,88
0.66683275,89
0.6256089,90
0.912944,91
0.8706931,92
0.9089052,93
0.9082909,94
0.65272593,95
0.6698626,96
0.89780855,97
0.93378747,98
0.9200034,99
0.8634388,100
0.7515378,101
0.9013309,102
0.8153964,103
0.9404613,104
0.8024809,105
0.7908964,106
0.6150096,107
0.86147743,108
0.8898948,109
0.6821829,110
0.62213117,111
0.81862956,112
0.72551566,113
0.6738225,114
0.73785007,115
0.8921808,116
0.6248853,117
0.6984161,118
0.7471298,119
0.90384436,120
0.7855557,121
0.6401291,122
0.6345782,123
0.9074714,124
0.72032815,125
0.668715,126
0.71337336,127
0.7804345,128
0.6600821,129
0.6928928,130
0.72433627,131
0.89520395,132
0.7670622,133
0.71124846,134
0.6971426,135
0.93137866,136
0.8600165,137
0.907673,138
0.76602185,139
0.7365035,140
0.6787342,141
0.67061675,142
0.91102314,143
0.85644794,144
0.77021927,145
0.82077414,146
0.757977,147
0.7093173,148
0.90077335,149
0.71101457,150
0.8940829,151
0.6751906,152
0.93925184,153
0.83512896,154
0.8173638,155
0.8763756,156
0.6131055,157
0.7989247,158
0.81994855,159
0.61665654,160
0.8867861,161
0.63359183,162
0.69082975,163
0.7919832,164
0.81043905,165
0.94579273,166
0.6573834,167
0.9119355,168
0.7394452,169
0.6552023,170
0.62704027,171
0.9385478,172
0.86512834,173
0.84221846,174
0.87566626,175
0.73201054,176
0.69125706,177
0.9376059,178
0.6684003,179
0.7755211,180
0.71133506,181
0.932899,182
0.7475171,183
0.72478455,184
0.93146884,185
0.7080281,186
0.88301307,187
0.88704497,188
0.7540036,189
0.6434847,190
0.63685495,191
0.83203006,192
0.6303792,193
0.6819762,194
0.7564893,195
0.849711,196
0.6256882,197
0.63551074,198
0.7224481,199
0.62668294,200
0.7482078,201
0.9492306,202
0.8665074,203
0.83046293,204
0.6605342,205
0.8565535,206
0.6612869,207
0.687014,208
0.8030333,209
0.6088889,210
0.94956446,211
0.88518614,212
0.8627655,213
0.86113465,214
0.8905843,215
0.7415025,216
0.6453964,217
0.7935817,218
0.9409108,219
0.64064467,220
0.7089156,221
0.8045006,222
0.6108257,223
0.8360115,224
0.82551336,225
0.6655043,226
0.8713963,227
0.7442982,228
0.9401815,229
0.7446149,230
0.7630405,231
0.73937804,232
0.66933274,233
0.7222383,234
0.64681166,235
0.61913437,236
0.92073244,237
0.7425319,238
0.8115249,239
0.7587397,240
0.84208304,241
0.89331937,242
0.89093006,243
0.9227067,244
0.7308921,245
0.7888062,246
0.84957856,247
0.72156876,248
0.7802141,249
0.82048917,250
0.88504595,251
0.9282196,252
0.79348946,253
0.68961936,254
0.8696059,255
0.7617169,256
0.80521715,257
0.692636,258
0.750991,259
0.838987,260
0.90624803,261
0.76140916,262
0.74450105,263
0.67327774,264
0.85963213,265
0.7816368,266
0.68251544,267
0.77032506,268
0.6813373,269
0.6810854,270
0.87465453,271
0.9223147,272
0.76447284,273
0.9236883,274
0.670753,275
0.92794883,276
0.65355545,277
0.60577923,278
0.88674194,279
0.85699487,280
0.66431767,281
0.62472516,282
0.6482906,283
0.63137615,284
0.68005383,285
0.6634098,286
0.6433068,287
0.78365946,288
0.94799066,289
0.6734486,290
0.7488515,291
0.7202066,292
0.6370737,293
0.66367364,294
0.61291385,295
0.64171416,296
0.68250144,297
0.63191795,298
0.65742177,299
0.76360786,300
0.86954075,301
0.9293807,302
0.9221671,303
0.712203,304
0.8090914,305
0.8713269,306
0.84786975,307
0.6866529,308
0.627989,309
0.90591675,310
0.7766841,311
0.837499,312
0.93423843,313
0.93905175,314
0.78490025,315
0.77203816,316
0.67523384,317
0.74612296,318
0.60392565,319
0.6254877,320
0.8710505,321
0.89884335,322
0.8904855,323
0.6938542,324
0.79495203,325
0.7795765,326
0.7892555,327
0.9189811,328
0.7884266,329
0.7661836,330
0.9024272,331
0.7170236,332
0.9312567,333
0.6595842,334
0.7037408,335
0.928997,336
0.6077705,337
0.8401728,338
0.897412,339
0.74819785,340
0.6592811,341
0.63800776,342
0.9166803,343
0.861681,344
0.7782151,345
0.7358231,346
0.77052236,347
0.7306978,348
0.7245328,349
0.8908899,350
0.7756731,351
0.83338714,352
0.8686707,353
0.60947204,354
0.6394742,355
0.85844874,356
0.87235093,357
0.7375892,358
0.6212345,359
0.8427166,360
0.87412095,361
0.85222083,362
0.7772715,363
0.78508484,364
0.7262654,365
0.7187391,366
0.8352297,367
0.6500724,368
0.8081666,369
0.6138722,370
0.8685733,371
0.6754864,372
0.6012397,373
0.63203394,374
0.9107395,375
0.67113996,376
0.7895435,377
0.81935364,378
0.65301585,379
0.8746336,380
0.79541564,381
0.7273755,382
0.60352373,383
0.77748245,384
0.88018847,385
0.93265593,386
0.8454473,387
0.84981775,388
0.6349274,389
0.65913993,390
0.8861508,391
0.8849768,392
0.6157062,393
0.7699712,394
0.8813408,395
0.8240703,396
0.71761227,397
0.9366117,398
0.8159605,399
0.7546176,400
0.6632739,401
0.86002016,402
0.9308807,403
0.8670536,404
0.87608784,405
0.6707902,406
0.93654776,407
0.64872026,408
0.8063001,409
0.81548166,410
0.78364927,411
0.7766067,412
0.73863614,413
0.9275074,414
0.7770374,415
0.72422034,416
0.71044993,417
0.7415039,418
0.86482805,419
0.64035,420
0.6859595,421
0.8942355,422
0.839515,423
0.7381925,424
0.79001975,425
0.82825994,426
0.6488469,427
0.91880894,428
0.7237455,429
0.8926154,430
0.80988675,431
0.7145918,432
0.76913446,433
0.92754596,434
0.7910229,435
0.6156659,436
0.6026723,437
0.7553703,438
0.7350595,439
0.832424,440
0.9351214,441
0.88810855,442
0.93036467,443
0.80974364,444
0.74641854,445
0.8406544,446
0.78946406,447
0.93276656,448
0.64093274,449
0.7040765,450
0.8323441,451
0.6468087,452
0.7514853,453
0.66521406,454
0.81207776,455
0.75584996,456
0.72211623,457
0.92541456,458
0.7328359,459
0.70734334,460
0.6577233,461
0.9014855,462
0.87934786,463
0.6881752,464
0.671551,465
0.6564326,466
0.8009485,467
0.94405794,468
0.61534035,469
0.70190763,470
0.7854518,471
0.7357637,472
0.87108684,473
0.9048909,474
0.8929874,475
0.9395474,476
0.7901818,477
0.63174385,478
0.7394842,479
0.8731971,480
0.8218247,481
0.65039647,482
0.83697003,483
0.78212744,484
0.69101363,485
0.6533036,486
0.78212446,487
0.77090967,488
0.7062731,489
0.71631193,490
0.8147803,491
0.64204276,492
0.6639582,493
0.85608804,494
0.69992244,495
0.78114325,496
0.7315076,497
0.67675734,498
0.7316153,499
0.7674021,500
0.72417253,501
0.7639329,502
0.72809476,503
0.6760689,504
0.9202381,505
0.7486073,506
0.807299,507
0.80987567,508
0.6865525,509
0.6995988,510
0.8153536,511
0.920986,512
0.7071963,513
0.6396105,514
0.601234,515
0.8575809,516
0.7926032,517
0.9176801,518
0.82641625,519
0.90904397,520
0.75248796,521
0.9187323,522
0.80425614,523
0.81769854,524
0.8496413,525
0.65526617,526
0.88802737,527
0.69233775,528
0.90447193,529
0.91243684,530
0.6433991,531
0.7774559,532
0.6125118,533
0.768824,534
0.6684951,535
0.9163213,536
0.92747504,537
0.9059689,538
0.7698648,539
0.864029,540
0.6091985,541
0.92382646,542
0.7621967,543
0.6768605,544
0.8767432,545
0.83187765,546
0.6032351,547
0.66979825,548
0.928171,549
0.786496,550
0.6425299,551
0.6533652,552
0.85995245,553
0.84820104,554
0.86090696,555
0.83408916,556
0.763578,557
0.6383189,558
0.7041247,559
0.6449347,560
0.8094634,561
0.72050786,562
0.81081533,563
0.6151667,564
0.6251964,565
0.90121144,566
0.60068434,567
0.8839617,568
0.913439,569
0.87952036,570
0.8603956,571
0.61812174,572
0.83151585,573
0.8452477,574
0.90251684,575
0.65899295,576
0.94181454,577
0.94681096,578
0.7680813,579
0.7782623,580
0.7575738,581
0.6325619,582
0.89286983,583
0.93372107,584
0.865004,585
0.69622886,586
0.75828695,587
0.7039819,588
0.88081306,589
0.94214565,590
0.93411386,591
0.7723268,592
0.795131,593
0.7217824,594
0.7194773,595
0.7821948,596
0.6302662,597
0.8962339,598
0.8779223,599
0.6203426,600
0.67730457,601
0.88358897,602
0.68902016,603
0.7564294,604
0.94652194,605
0.6845749,606
0.78140503,607
0.8575916,608
0.93138456,609
0.78208834,610
0.92442065,611
0.71287936,612
0.66366,613
0.75384027,614
0.6142022,615
0.68536,616
0.643599,617
0.8688122,618
0.9305804,619
0.6786263,620
0.94263864,621
0.7387925,622
0.8173868,623
0.91029483,624
0.83278704,625
0.61408335,626
0.923374,627
0.8666337,628
0.67619646,629
0.6476177,630
0.8866725,631
0.91412157,632
0.81113064,633
0.83200365,634
0.672226,635
0.73339623,636
0.8618281,637
0.8984448,638
0.79891515,639
0.602807,640
0.8790931,641
0.89513403,642
0.9115963,643
0.8907816,644
0.8072624,645
0.80823624,646
0.8780984,647
0.6248753,648
0.69868016,649
0.73250145,650
0.7296151,651
0.9298858,652
0.9358102,653
0.696894,654
0.6142056,655
0.93446946,656
0.6330696,657
0.8324973,658
0.6254369,659
0.80349064,660
0.8876969,661
0.8995979,662
0.7331264,663
0.913381,664
0.8340719,665
0.837415,666
0.63986766,667
0.89078486,668
0.625869,669
0.75076246,670
0.8690406,671
0.93656427,672
0.71375954,673
0.870377,674
0.77655894,675
0.88164425,676
0.61067885,677
0.7697314,678
0.63668025,679
0.71512973,680
0.618906,681
0.768535,682
0.8924936,683
0.9484977,684
0.76772684,685
0.71165234,686
0.706879,687
0.63892794,688
0.82137954,689
0.8919195,690
0.81824213,691
0.76737183,692
0.7916408,693
0.60971105,694
0.6942393,695
0.90418285,696
0.9079022,697
0.72500855,698
0.74966186,699
0.68710625,700
0.6737075,701
0.6590377,702
0.89558476,703
0.66566527,704
0.9095254,705
0.6372582,706
0.689121,707
0.8860703,708
0.76548535,709
0.79120773,710
0.78554034,711
0.94784194,712
0.8962515,713
0.6051768,714
0.75022954,715
0.89941686,716
0.84444225,717
0.7154471,718
0.74162555,719
0.8378074,720
0.90151983,721
0.71618444,722
0.8334862,723
0.78241754,724
0.77263236,725
0.9244933,726
0.64382243,727
0.9342373,728
0.92323023,729
0.7827308,730
0.61665136,731
0.76221025,732
0.8157355,733
0.72191906,734
0.7091595,735
0.9467006,736
0.88324887,737
0.7681455,738
0.6608627,739
0.87485623,740
0.6624594,741
0.90633124,742
0.66335195,743
0.81369877,744
0.6725619,745
0.9472618,746
0.78497356,747
0.60449684,748
0.6339744,749
0.7428043,750
0.678967,751
0.8221711,752
0.83472407,753
0.7701724,754
0.8846187,755
0.68869233,756
0.78240967,757
0.8864568,758
0.72691274,759
0.6921701,760
0.68455774,761
0.7821449,762
0.6732265,763
0.7225916,764
0.9032807,765
0.9364654,766
0.61802465,767
0.84098643,768
0.90695226,769
0.77299875,770
0.67685217,771
0.86527026,772
0.66350865,773
0.90603364,774
0.6307445,775
0.7866324,776
0.73881894,777
0.69372624,778
0.9443243,779
0.69038284,780
0.60281104,781
0.66029334,782
0.65188605,783
0.81198037,784
0.7137347,785
0.68366385,786
0.8145038,787
0.64521694,788
0.67223895,789
0.8114686,790
0.69370073,791
0.8927922,792
0.6470352,793
0.94830567,794
0.69034,795
0.9447527,796
0.82081616,797
0.88217276,798
0.6366399,799
0.79014564,800
0.7736308,801
0.74394196,802
0.8165623,803
0.8730499,804
0.8229467,805
0.75785375,806
0.6558059,807
0.6053671,808
0.83739924,809
0.89472145,810
0.84001786,811
0.7990838,812
0.61645913,813
0.62089705,814
0.767896,815
0.6861346,816
0.72012556,817
0.8130513,818
0.8478626,819
0.7190111,820
0.7610432,821
0.84122646,822
0.85096985,823
0.67920524,824
0.72871214,825
0.77085114,826
0.60903645,827
0.64143145,828
0.6987004,829
0.6201239,830
0.66437775,831
0.8629788,832
0.7927762,833
0.882155,834
0.9322828,835
0.6834366,836
0.6960231,837
0.6825974,838
0.7163393,839
0.6321129,840
0.8091004,841
0.7531217,842
0.8535998,843
0.74554193,844
0.64963526,845
0.6357426,846
0.86637324,847
0.9347219,848
0.6022219,849
0.86407894,850
0.7893972,851
0.8701169,852
0.6749467,853
0.7893387,854
0.6206319,855
0.94963247,856
0.83218205,857
0.8364632,858
0.63312227,859
0.8153978,860
0.8438994,861
0.6442969,862
0.8161941,863
0.904485,864
0.8057503,865
0.81163675,866
0.62934965,867
0.6121239,868
0.89506537,869
0.6223459,870
0.80015314,871
0.88875717,872
0.8133319,873
0.64924866,874
0.7515946,875
0.9146264,876
0.8208695,877
0.8934443,878
0.8081803,879
0.90564835,880
0.9376315,881
0.71126276,882
0.94678986,883
0.9039156,884
0.73724145,885
0.66009414,886
0.699594,887
0.916432,888
0.8631148,889
0.7311511,890
0.9412553,891
0.7200279,892
0.8642934,893
0.8994983,894
0.89801145,895
0.7394996,896
0.8972021,897
0.687356,898
0.9412033,899
0.6804234,900
0.70933515,901
0.6116991,902
0.87887204,903
0.6317543,904
0.62478733,905
0.8144033,906
0.9320976,907
0.934499,908
0.8008815,909
0.76433694,910
0.6974053,911
0.6413485,912
0.6346718,913
0.60320365,914
0.6938926,915
0.6428602,916
0.6057278,917
0.86931235,918
0.82136005,919
0.8843393,920
0.8285219,921
0.86652863,922
0.9095869,923
0.88412434,924
0.74725413,925
0.7464691,926
0.74872327,927
0.6566556,928
0.918901,929
0.67915076,930
0.6419837,931
0.79855365,932
0.7259103,933
0.8657635,934
0.680374,935
0.8287302,936
0.8191809,937
0.68550956,938
0.6033211,939
0.64617175,940
0.7322768,941
0.6699272,942
0.7980468,943
0.8543761,944
0.9364134,945
0.85556465,946
0.7052215,947
0.67144084,948
0.65338135,949
0.67289627,950
0.8213675,951
0.64594346,952
0.94311315,953
0.7630088,954
0.9445776,955
0.8635506,956
0.65504986,957
0.6047277,958
0.8030199,959
0.6365257,960
0.6191235,961
0.78200436,962
0.91394436,963
0.92141414,964
0.8100973,965
0.63655317,966
0.7619006,967
0.90595436,968
0.75304675,969
0.9168698,970
0.94423205,971
0.87372434,972
0.65152454,973
0.6413412,974
0.89296263,975
0.6308903,976
0.8599084,977
0.75515753,978
0.7100735,979
0.7367904,980
0.6749994,981
0.7166412,982
0.6649762,983
0.6618604,984
0.61061215,985
0.81836945,986
0.6096984,987
0.67679864,988
0.8695298,989
0.88287663,990
0.680691,991
0.66128516,992
0.62524194,993
0.91587746,994
0.7151106,995
0.75160336,996
0.9385261,997
0.7138557,998
0.80785316,999
0.69302934,1000
0.7964894,1001
0.8232399,1002
0.68866813,1003
0.77439374,1004
0.62521964,1005
0.7136019,1006
0.73463386,1007
0.7122806,1008
0.94935125,1009
0.9036558,1010
0.6548545,1011
0.8912041,1012
0.72791415,1013
0.6046267,1014
0.8660093,1015
0.94306713,1016
0.83735466,1017
0.88634664,1018
0.92886436,1019
0.77896285,1020
0.6105969,1021
0.803442,1022
0.9214662,1023
0.7696192,1024
0.8963044,1025
0.7872928,1026
0.69564456,1027
0.75159955,1028
0.7506923,1029
0.61759835,1030
0.93817717,1031
0.67850983,1032
0.77782285,1033
0.94191355,1034
0.61416507,1035
0.90419114,1036
0.6785111,1037
0.60899997,1038
0.6095675,1039
0.66738397,1040
0.8462233,1041
0.92240924,1042
0.62472206,1043
0.85478127,1044
0.7864154,1045
0.74405,1046
0.7284598,1047
0.840244,1048
0.9013776,1049
0.75876755,1050
0.67207557,1051
0.639952,1052
0.68476224,1053
0.65942734,1054
0.6821974,1055
0.75141853,1056
0.69802296,1057
0.6572312,1058
0.83085495,1059
0.8357421,1060
0.6228711,1061
0.62436795,1062
0.6358389,1063
0.7149372,1064
0.6887489,1065
0.7167752,1066
0.84357333,1067
0.79769266,1068
0.9348264,1069
0.7598876,1070
0.727685,1071
0.68601704,1072
0.83343506,1073
0.71997416,1074
0.92683923,1075
0.93285453,1076
0.8954245,1077
0.66498196,1078
0.78989816,1079
0.60359883,1080
0.71117175,1081
0.7834647,1082
0.6588282,1083
0.84431994,1084
0.9443731,1085
0.8743633,1086
0.72308034,1087
0.76163834,1088
0.64774716,1089
0.94924736,1090
0.76895404,1091
0.8935071,1092
0.7397543,1093
0.70256853,1094
0.9286838,1095
0.66043013,1096
0.7117633,1097
0.8166669,1098
0.60322785,1099
0.83347535,1100
0.62104964,1101
0.7764387,1102
0.6662864,1103
0.6522784,1104
0.6700611,1105
0.9211756,1106
0.88259673,1107
0.83709,1108
0.7484118,1109
0.61347497,1110
0.6702836,1111
0.8537582,1112
0.82189405,1113
0.90255666,1114
0.8401634,1115
0.8470715,1116
0.832273,1117
0.94820243,1118
0.70785743,1119
0.9207188,1120
0.6067719,1121
0.8746712,1122
0.7755264,1123
0.8462203,1124
0.70239747,1125
0.62682265,1126
0.67753726,1127
0.703196,1128
0.8026994,1129
0.9318344,1130
0.9355751,1131
0.9440157,1132
0.89939666,1133
0.6893017,1134
0.8650129,1135
0.73767006,1136
0.781853,1137
0.64322585,1138
0.9173398,1139
0.8036616,1140
0.9315334,1141
0.76660985,1142
0.85796905,1143
0.91401184,1144
0.79494935,1145
0.9352052,1146
0.75725704,1147
0.8397872,1148
0.603079,1149
0.8620127,1150
0.7475904,1151
0.720294,1152
0.61178225,1153
0.802664,1154
0.8256297,1155
0.8125598,1156
0.64843404,1157
0.6992103,1158
0.7772688,1159
0.7077488,1160
0.930199,1161
0.9126308,1162
0.89803606,1163
0.8840608,1164
0.86521065,1165
0.629751,1166
0.6853328,1167
0.93034184,1168
0.80265087,1169
0.8525532,1170
0.6252845,1171
0.90174663,1172
0.7102877,1173
0.66288114,1174
0.7463065,1175
0.68677723,1176
0.8963838,1177
0.6840526,1178
0.70016325,1179
0.94079417,1180
0.7939257,1181
0.64839196,1182
0.83992547,1183
0.90396976,1184
0.65864164,1185
0.7670435,1186
0.6679266,1187
0.71156836,1188
0.78907084,1189
0.62085694,1190
0.8888309,1191
0.7714816,1192
0.8456927,1193
0.7320055,1194
0.8198262,1195
0.6587702,1196
0.8967279,1197
0.8189187,1198
0.6703578,1199
0.77415675,1200
0.716624,1201
0.9139987,1202
0.6124651,1203
0.88867354,1204
0.72174424,1205
0.65879124,1206
0.8716327,1207
0.81554615,1208
0.8862724,1209
0.866429,1210
0.6807152,1211
0.8346134,1212
0.6902673,1213
0.71389574,1214
0.6115106,1215
0.7369638,1216
0.632415,1217
0.6417039,1218
0.933569,1219
0.88551426,1220
0.942956,1221
0.68158805,1222
0.88093704,1223
0.8922813,1224
0.9024179,1225
0.6957102,1226
0.77049315,1227
0.83595794,1228
0.91553164,1229
0.63914996,1230
0.71710944,1231
0.6030131,1232
0.91906816,1233
0.65134025,1234
0.66119224,1235
0.6246156,1236
0.7233486,1237
0.91563356,1238
0.71166736,1239
0.9238264,1240
0.8470001,1241
0.77608895,1242
0.83591735,1243
0.6384882,1244
0.78514624,1245
0.65442145,1246
0.6194822,1247
0.80356926,1248
0.8620056,1249
0.92178166,1250
0.6679932,1251
0.70774317,1252
0.93334615,1253
0.7314412,1254
0.70366156,1255
0.6771373,1256
0.7907651,1257
0.7928337,1258
0.7198209,1259
0.6149983,1260
0.9414272,1261
0.90669745,1262
0.67394865,1263
0.82549834,1264
0.7590514,1265
0.83591044,1266
0.702015,1267
0.636592,1268
0.75719213,1269
0.8490993,1270
0.8614468,1271
0.643499,1272
0.7238141,1273
0.91299456,1274
0.75590044,1275
0.81182224,1276
0.86946255,1277
0.8841854,1278
0.8132844,1279
0.9168564,1280
0.63432735,1281
0.6671066,1282
0.8744845,1283
0.647958,1284
0.75605404,1285
0.87008494,1286
0.88756436,1287
0.93420243,1288
0.89243144,1289
0.6391436,1290
0.9487486,1291
0.7974629,1292
0.7220892,1293
0.68429565,1294
0.6777909,1295
0.92910355,1296
0.6097013,1297
0.90713364,1298
0.76658565,1299
0.8459566,1300
0.70110524,1301
0.6873118,1302
0.72773564,1303
0.6169795,1304
0.61721826,1305
0.9232118,1306
0.70411265,1307
0.8828275,1308
0.7308083,1309
0.7053447,1310
0.85738724,1311
0.6857928,1312
0.8750036,1313
0.7768237,1314
0.8536091,1315
0.61965346,1316
0.60110813,1317
0.68430704,1318
0.6326569,1319
0.69238067,1320
0.8978675,1321
0.71014553,1322
0.64927536,1323
0.8414912,1324
0.9302992,1325
0.74818933,1326
0.8146745,1327
0.8867182,1328
0.64366746,1329
0.7456502,1330
0.910465,1331
0.905242,1332
0.63543105,1333
0.6836676,1334
0.85566455,1335
0.7584856,1336
0.60846287,1337
0.66779697,1338
0.8878415,1339
0.8365438,1340
0.7118424,1341
0.86064243,1342
0.7100178,1343
0.9442606,1344
0.6745346,1345
0.7212978,1346
0.8782528,1347
0.7265393,1348
0.7202757,1349
0.8132327,1350
0.8757267,1351
0.93468106,1352
0.9434959,1353
0.71817213,1354
0.63301295,1355
0.7847026,1356
0.84527946,1357
0.91420925,1358
0.6716338,1359
0.7879357,1360
0.71550024,1361
0.90581423,1362
0.7411307,1363
0.8007343,1364
0.63584507,1365
0.68195,1366
0.8183466,1367
0.9478372,1368
0.705013,1369
0.6543174,1370
0.67326754,1371
0.63151985,1372
0.7920757,1373
0.78819686,1374
0.75229186,1375
0.71128404,1376
0.67153084,1377
0.8992542,1378
0.7970201,1379
0.9228699,1380
0.80073315,1381
0.884925,1382
0.6964523,1383
0.7018002,1384
0.7000019,1385
0.6043801,1386
0.60915667,1387
0.8958148,1388
0.84453857,1389
0.8300576,1390
0.66116726,1391
0.74044955,1392
0.6372691,1393
0.7120609,1394
0.87627107,1395
0.771742,1396
0.70104986,1397
0.65126663,1398
0.91983557,1399
0.7511008,1400
0.80825955,1401
0.79897743,1402
0.6941984,1403
0.60619605,1404
0.70370615,1405
0.6453224,1406
0.8956604,1407
0.9285878,1408
0.61326796,1409
0.85383743,1410
0.836526,1411
0.8180188,1412
0.64447653,1413
0.86022323,1414
0.6169249,1415
0.88203907,1416
0.9375047,1417
0.9410485,1418
0.6693259,1419
0.81609017,1420
0.7426261,1421
0.69098043,1422
0.7290568,1423
0.82614326,1424
0.6197205,1425
0.74109674,1426
0.7226857,1427
0.9076093,1428
0.6892275,1429
0.92861205,1430
0.84782284,1431
0.7045548,1432
0.6833499,1433
0.94695395,1434
0.9073155,1435
0.90482336,1436
0.8374177,1437
0.93227506,1438
0.756627,1439
0.66871166,1440
0.88372266,1441
0.76962143,1442
0.7251212,1443
0.9296406,1444
0.8006772,1445
0.9160628,1446
0.6446229,1447
0.829863,1448
0.7451682,1449
0.8538156,1450
0.6473975,1451
0.8777869,1452
0.8898389,1453
0.6009498,1454
0.7801527,1455
0.679484,1456
0.6399883,1457
0.868415,1458
0.77354765,1459
0.8622317,1460
0.79682326,1461
0.8944973,1462
0.687614,1463
0.7107934,1464
0.60013074,1465
0.6590355,1466
0.69243646,1467
0.74284285,1468
0.7409822,1469
0.7748054,1470
0.7126359,1471
0.925189,1472
0.77591383,1473
0.9307769,1474
0.92889136,1475
0.8455471,1476
0.6618474,1477
0.8321018,1478
0.8118742,1479
0.89357257,1480
0.6995707,1481
0.8294354,1482
0.6371178,1483
0.8585397,1484
0.94137263,1485
0.6531043,1486
0.7858111,1487
0.8574962,1488
0.70999324,1489
0.6828823,1490
0.67868626,1491
0.69052666,1492
0.75303346,1493
0.81912583,1494
0.63439506,1495
0.68528754,1496
0.73611,1497
0.8370108,1498
0.7801096,1499
0.83914113,1500
0.63069737,1501
0.7284043,1502
0.62565553,1503
0.8290395,1504
0.75033706,1505
0.92343634,1506
0.73943764,1507
0.82518655,1508
0.616392,1509
0.7643675,1510
0.7293201,1511
0.6513424,1512
0.7144964,1513
0.7803072,1514
0.635319,1515
0.92048806,1516
0.6636058,1517
0.80028474,1518
0.8572351,1519
0.6564823,1520
0.84405035,1521
0.7569333,1522
0.94783,1523
0.70843285,1524
0.7359245,1525
0.8216916,1526
0.7147415,1527
0.87699676,1528
0.81041104,1529
0.7865185,1530
0.6535631,1531
0.8220796,1532
0.89759815,1533
0.6447521,1534
0.69329554,1535
0.6651402,1536
0.80267376,1537
0.6781141,1538
0.7322741,1539
0.69154847,1540
0.66019017,1541
0.80649036,1542
0.7926,1543
0.7311497,1544
0.85813415,1545
0.7472486,1546
0.6102477,1547
0.6484645,1548
0.69208276,1549
0.8003437,1550
0.8906699,1551
0.69922626,1552
0.65827847,1553
0.7712788,1554
0.76620185,1555
0.732925,1556
0.9221864,1557
0.9351683,1558
0.65263957,1559
0.60861844,1560
0.77384675,1561
0.68961036,1562
0.77808535,1563
0.78938115,1564
0.68591917,1565
0.66655004,1566
0.89353174,1567
0.91218597,1568
0.6961633,1569
0.68095547,1570
0.7562658,1571
0.82376957,1572
0.94139427,1573
0.6692393,1574
0.6560564,1575
0.8184311,1576
0.8340262,1577
0.79392433,1578
0.7408678,1579
0.65071476,1580
0.7480665,1581
0.6463106,1582
0.8483671,1583
0.8705768,1584
0.6973622,1585
0.81687915,1586
0.92076457,1587
0.62382346,1588
0.76659065,1589
0.72954416,1590
0.62057894,1591
0.82547396,1592
0.7037159,1593
0.7383677,1594
0.71841055,1595
0.7455342,1596
0.69926584,1597
0.8647869,1598
0.74077207,1599
0.7135906,1600
0.86221737,1601
0.66777796,1602
0.92477506,1603
0.9061634,1604
0.7426163,1605
0.7250084,1606
0.7336515,1607
0.60804707,1608
0.6554182,1609
0.6696811,1610
0.76834637,1611
0.86197096,1612
0.82917464,1613
0.9240758,1614
0.6463106,1615
0.9005096,1616
0.71546733,1617
0.613181,1618
0.71315634,1619
0.8174237,1620
0.7737508,1621
0.8554465,1622
0.65818036,1623
0.78657335,1624
0.810465,1625
0.84334874,1626
0.6190036,1627
0.8167185,1628
0.8933145,1629
0.63613427,1630
0.8263904,1631
0.71462893,1632
0.6419614,1633
0.611333,1634
0.84533286,1635
0.7154134,1636
0.64097613,1637
0.92513144,1638
0.93197656,1639
0.6907446,1640
0.8063307,1641
0.740605,1642
0.69548076,1643
0.6474775,1644
0.62709343,1645
0.9119419,1646
0.859304,1647
0.65853184,1648
0.82084906,1649
0.8992255,1650
0.7938651,1651
0.6293423,1652
0.88934565,1653
0.83999705,1654
0.76892495,1655
0.8419477,1656
0.89514214,1657
0.7660648,1658
0.7068084,1659
0.6600948,1660
0.76888835,1661
0.6675302,1662
0.84353095,1663
0.841649,1664
0.6885751,1665
0.7411268,1666
0.86290914,1667
0.9197301,1668
0.83810425,1669
0.64359474,1670
0.6366681,1671
0.66913706,1672
0.9311617,1673
0.7370168,1674
0.7590448,1675
0.764029,1676
0.6980033,1677
0.79688406,1678
0.6019835,1679
0.7423668,1680
0.9086585,1681
0.6091101,1682
0.71888185,1683
0.8776438,1684
0.75757015,1685
0.8766225,1686
0.7094217,1687
0.8305056,1688
0.9234529,1689
0.88027406,1690
0.69198483,1691
0.94983965,1692
0.8087516,1693
0.8119148,1694
0.6431726,1695
0.6011057,1696
0.8773823,1697
0.72190773,1698
0.6741453,1699
0.7735735,1700
0.8553562,1701
0.80655795,1702
0.92727894,1703
0.8772852,1704
0.76405185,1705
0.79746795,1706
0.7311648,1707
0.7528253,1708
0.8733028,1709
0.6547415,1710
0.8000418,1711
0.8815874,1712
0.7393296,1713
0.65426505,1714
0.7885028,1715
0.82138443,1716
0.62774336,1717
0.8920673,1718
0.94321036,1719
0.7957616,1720
0.8487336,1721
0.6581591,1722
0.8617501,1723
0.70825726,1724
0.72822815,1725
0.9140533,1726
0.6972584,1727
0.75015014,1728
0.64452535,1729
0.67872924,1730
0.90765125,1731
0.6112789,1732
0.71538424,1733
0.79639995,1734
0.76638347,1735
0.87963825,1736
0.7543262,1737
0.7472664,1738
0.73785293,1739
0.64910334,1740
0.833717,1741
0.64518374,1742
0.94573975,1743
0.9281628,1744
0.8114244,1745
0.81819135,1746
0.66542774,1747
0.82446283,1748
0.83222544,1749
0.68591195,1750
0.7599087,1751
0.60898066,1752
0.90599185,1753
0.65976804,1754
0.6811203,1755
0.812002,1756
0.89868975,1757
0.9293327,1758
0.8352941,1759
0.86446536,1760
0.62960786,1761
0.78154075,1762
0.88716394,1763
0.6159467,1764
0.6758196,1765
0.6074492,1766
0.8556125,1767
0.60241103,1768
0.6589612,1769
0.6180055,1770
0.87405086,1771
0.84194225,1772
0.9067491,1773
0.81433445,1774
0.75445837,1775
0.722564,1776
0.62620157,1777
0.7674947,1778
0.6028909,1779
0.66122943,1780
0.84575284,1781
0.7573856,1782
0.7802323,1783
0.6038183,1784
0.6366469,1785
0.8439569,1786
0.6279087,1787
0.82095474,1788
0.64311206,1789
0.649092,1790
0.9113498,1791
0.92863125,1792
0.6809967,1793
0.83933675,1794
0.645609,1795
0.9039957,1796
0.8683286,1797
0.6213825,1798
0.8190257,1799
0.7409892,1800
0.61687094,1801
0.7793495,1802
0.7421677,1803
0.69746953,1804
0.7124756,1805
0.68270504,1806
0.8000739,1807
0.8960851,1808
0.910044,1809
0.64176077,1810
0.7664327,1811
0.6639349,1812
0.8493959,1813
0.9461038,1814
0.828959,1815
0.81761664,1816
0.60887176,1817
0.7993488,1818
0.8959423,1819
0.87624705,1820
0.91182095,1821
0.88961554,1822
0.6703625,1823
0.68868905,1824
0.87126297,1825
0.6523167,1826
0.6639059,1827
0.8015272,1828
0.9442114,1829
0.8867564,1830
0.72610575,1831
0.6360963,1832
0.7609122,1833
0.6055432,1834
0.84754395,1835
0.7037122,1836
0.8157539,1837
0.68843865,1838
0.9303029,1839
0.8176642,1840
0.7183071,1841
0.8570609,1842
0.9090479,1843
0.90063345,1844
0.8208018,1845
0.9395378,1846
0.6666732,1847
0.87310064,1848
0.63772213,1849
0.92395395,1850
0.7049896,1851
0.71916777,1852
0.68599313,1853
0.67138594,1854
0.66220427,1855
0.76412725,1856
0.91883165,1857
0.642566,1858
0.6335083,1859
0.68823075,1860
0.7226138,1861
0.7612939,1862
0.7985951,1863
0.81050354,1864
0.76807934,1865
0.9123603,1866
0.83364314,1867
0.8474842,1868
0.76765877,1869
0.71152884,1870
0.73643136,1871
0.8662113,1872
0.62066346,1873
0.86517423,1874
0.86029065,1875
0.60356313,1876
0.81052226,1877
0.7428215,1878
0.89251554,1879
0.71245545,1880
0.8125744,1881
0.85889834,1882
0.73101985,1883
0.67807263,1884
0.66174775,1885
0.6210368,1886
0.8590162,1887
0.9414545,1888
0.85000646,1889
0.78048843,1890
0.85116833,1891
0.815818,1892
0.83942664,1893
0.60270596,1894
0.9456074,1895
0.84534174,1896
0.7727454,1897
0.7806443,1898
0.62655497,1899
0.8804539,1900
0.83683664,1901
0.71093965,1902
0.81466174,1903
0.66283983,1904
0.8391195,1905
0.9389948,1906
0.85353774,1907
0.6619531,1908
0.7564014,1909
0.8044376,1910
0.85857487,1911
0.7571892,1912
0.90623206,1913
0.67556316,1914
0.91049415,1915
0.79138017,1916
0.6900409,1917
0.8594585,1918
0.69289106,1919
0.7937179,1920
0.65435576,1921
0.8809528,1922
0.65516144,1923
0.75626475,1924
0.90658796,1925
0.7179419,1926
0.7830495,1927
0.90554976,1928
0.6597447,1929
0.8928082,1930
0.8819312,1931
0.82997763,1932
0.7482146,1933
0.8688073,1934
0.8772937,1935
0.88661623,1936
0.92689294,1937
0.8835125,1938
0.6685912,1939
0.93339974,1940
0.66726315,1941
0.7174791,1942
0.8457324,1943
0.68412036,1944
0.7844898,1945
0.6279157,1946
0.7912943,1947
0.64104974,1948
0.8730011,1949
0.64513963,1950
0.7469546,1951
0.6857941,1952
0.8405672,1953
0.6063332,1954
0.711546,1955
0.89991516,1956
0.6025938,1957
0.80006176,1958
0.9143237,1959
0.75930786,1960
0.78545433,1961
0.70482737,1962
0.9206112,1963
0.83291614,1964
0.65814096,1965
0.61319804,1966
0.7771938,1967
0.6465053,1968
0.7720727,1969
0.71573955,1970
0.856209,1971
0.81751055,1972
0.7840082,1973
0.8542621,1974
0.61170316,1975
0.8254279,1976
0.6511524,1977
0.78742325,1978
0.88094735,1979
0.8151272,1980
0.6105252,1981
0.6353506,1982
0.6264592,1983
0.79516834,1984
0.8728343,1985
0.94849956,1986
0.89598656,1987
0.7670831,1988
0.628299,1989
0.8152175,1990
0.82212013,1991
0.81539077,1992
0.83629584,1993
0.7938792,1994
0.8575977,1995
0.87076396,1996
0.7376319,1997
0.6815883,1998
0.78891766,1999
0.8185698,2000
0.7115109,2001
0.6661223,2002
0.8316342,2003
0.921423,2004
0.67631584,2005
0.9221474,2006
0.68209964,2007
0.8927619,2008
0.7313964,2009
0.6818242,2010
0.71501595,2011
0.7880845,2012
0.94253,2013
0.7824457,2014
0.836464,2015
0.7551909,2016
0.6937888,2017
0.74090564,2018
0.616996,2019
0.6287628,2020
0.636971,2021
0.9401615,2022
0.8837094,2023
0.9038414,2024
0.6928714,2025
0.6141782,2026
0.890382,2027
0.61082584,2028
0.89582103,2029
0.86341983,2030
0.6655119,2031
0.88596815,2032
0.6999899,2033
0.89091784,2034
0.88151973,2035
0.72467357,2036
0.84926295,2037
0.6436522,2038
0.7188502,2039
0.61187184,2040
0.87967944,2041
0.7180692,2042
0.948652,2043
0.6336439,2044
0.6967537,2045
0.7424843,2046
0.8890132,2047
0.8496285,2048
0.73397607,2049
0.89007294,2050
0.62712324,2051
0.6573869,2052
0.6100546,2053
0.9088497,2054
0.6365567,2055
0.7570233,2056
0.90396917,2057
0.714747,2058
0.6542231,2059
0.6018583,2060
0.711414,2061
0.7189044,2062
0.8864835,2063
0.92494386,2064
0.86187,2065
0.66648644,2066
0.8454433,2067
0.60892904,2068
0.8987687,2069
0.76950973,2070
0.7650438,2071
0.7510345,2072
0.70671105,2073
0.71987665,2074
0.6303424,2075
0.637964,2076
0.6335589,2077
0.7255347,2078
0.9323088,2079
0.9228688,2080
0.8769721,2081
0.8311884,2082
0.61012816,2083
0.6374454,2084
0.6460898,2085
0.8169656,2086
0.9284149,2087
0.8505,2088
0.8280037,2089
0.78995484,2090
0.7866234,2091
0.6917747,2092
0.9209786,2093
0.8917163,2094
0.8527062,2095
0.8976624,2096
0.8648145,2097
0.64910054,2098
0.93108726,2099
0.7274677,2100
0.9327915,2101
0.8387261,2102
0.7630771,2103
0.77233183,2104
0.8275604,2105
0.8855775,2106
0.78679836,2107
0.9122457,2108
0.8748696,2109
0.7170974,2110
0.9135769,2111
0.77560383,2112
0.9101217,2113
0.9387462,2114
0.9260945,2115
0.82334733,2116
0.7128014,2117
0.7024371,2118
0.84329766,2119
0.60888314,2120
0.7203514,2121
0.93702465,2122
0.73916394,2123
0.6180179,2124
0.69688356,2125
0.7978395,2126
0.7052924,2127
0.71668535,2128
0.83852947,2129
0.72233707,2130
0.642059,2131
0.7051185,2132
0.76991266,2133
0.7822039,2134
0.94586855,2135
0.64553076,2136
0.69679046,2137
0.8571769,2138
0.6150838,2139
0.89258313,2140
0.70460224,2141
0.89935005,2142
0.84126055,2143
0.6436297,2144
0.81013906,2145
0.86652255,2146
0.93426377,2147
0.9223137,2148
0.9099386,2149
0.7580853,2150
0.73189217,2151
0.6164361,2152
0.8114821,2153
0.79794425,2154
0.8831384,2155
0.8264427,2156
0.87429434,2157
0.6807305,2158
0.9279523,2159
0.9244417,2160
0.6764468,2161
0.738278,2162
0.70004463,2163
0.9427908,2164
0.8896423,2165
0.86682504,2166
0.8501824,2167
0.7983549,2168
0.84540355,2169
0.89172715,2170
0.88994086,2171
0.67908895,2172
0.6178652,2173
0.890344,2174
0.70592636,2175
0.7101991,2176
0.90653884,2177
0.87501055,2178
0.7294478,2179
0.7174244,2180
0.8374067,2181
0.8149997,2182
0.6123207,2183
0.70811754,2184
0.68176264,2185
0.8828646,2186
0.9016174,2187
0.7958077,2188
0.73046404,2189
0.9070784,2190
0.73504174,2191
0.66197443,2192
0.8448831,2193
0.78287524,2194
0.6650128,2195
0.6375635,2196
0.7841808,2197
0.6378335,2198
0.84556353,2199
0.61054754,2200
0.6083456,2201
0.6966174,2202
0.87702906,2203
0.7904871,2204
0.6989223,2205
0.79965824,2206
0.91147566,2207
0.71826404,2208
0.66333216,2209
0.6230071,2210
0.67721325,2211
0.6220878,2212
0.8064886,2213
0.8032544,2214
0.60729784,2215
0.77305204,2216
0.810915,2217
0.8004457,2218
0.72725654,2219
0.84178245,2220
0.87821037,2221
0.64312327,2222
0.81620157,2223
0.635388,2224
0.81250656,2225
0.90141064,2226
0.8428934,2227
0.842572,2228
0.62207645,2229
0.6827848,2230
0.72374797,2231
0.87599313,2232
0.71738404,2233
0.8520913,2234
0.8139743,2235
0.8281068,2236
0.8656293,2237
0.6742277,2238
0.8184675,2239
0.651651,2240
0.6994323,2241
0.6347426,2242
0.9184828,2243
0.7899543,2244
0.78249246,2245
0.68561083,2246
0.7003025,2247
0.6288757,2248
0.67032564,2249
0.63364,2250
0.8768584,2251
0.87761617,2252
0.67777383,2253
0.734818,2254
0.6096047,2255
0.6417997,2256
0.8541518,2257
0.7186315,2258
0.7457824,2259
0.6004812,2260
0.8614748,2261
0.70712376,2262
0.64656633,2263
0.84510744,2264
0.6497478,2265
0.67147374,2266
0.7290802,2267
0.64125854,2268
0.8233835,2269
0.7388768,2270
0.8444581,2271
0.9453429,2272
0.9472827,2273
0.898891,2274
0.629183,2275
0.9263649,2276
0.8030808,2277
0.88744503,2278
0.7748293,2279
0.69840837,2280
0.87492394,2281
0.61237,2282
0.8306108,2283
0.8792275,2284
0.9312004,2285
0.9107813,2286
0.8026997,2287
0.87534386,2288
0.70028776,2289
0.90672743,2290
0.9237607,2291
0.73329216,2292
0.89782757,2293
0.8554235,2294
0.66741675,2295
0.62264484,2296
0.7977244,2297
0.7859843,2298
0.85287124,2299
0.919528,2300
0.6845507,2301
0.78294975,2302
0.92568594,2303
0.65740967,2304
0.6183116,2305
0.6808738,2306
0.9080152,2307
0.92599034,2308
0.8033653,2309
0.89823025,2310
0.80627716,2311
0.7188141,2312
0.90453804,2313
0.8417727,2314
0.70118403,2315
0.9082545,2316
0.8536852,2317
0.66322947,2318
0.7784701,2319
0.9205351,2320
0.6100687,2321
0.79921395,2322
0.73852634,2323
0.86937046,2324
0.9101987,2325
0.8047406,2326
0.9301492,2327
0.65059185,2328
0.7784349,2329
0.821187,2330
0.91277754,2331
0.7162171,2332
0.85579896,2333
0.8823332,2334
0.8681335,2335
0.8392587,2336
0.7238771,2337
0.8158022,2338
0.8984969,2339
0.79384357,2340
0.90594864,2341
0.7028152,2342
0.77664465,2343
0.8640421,2344
0.78063184,2345
0.7146731,2346
0.8316638,2347
0.9427341,2348
0.803707,2349
0.8832705,2350
0.78284997,2351
0.91541976,2352
0.6749502,2353
0.8341022,2354
0.77472425,2355
0.6165168,2356
0.86559933,2357
0.89953905,2358
0.9311157,2359
0.7162852,2360
0.60078603,2361
0.9005307,2362
0.63350886,2363
0.6486216,2364
0.6026742,2365
0.7424676,2366
0.68037486,2367
0.691464,2368
0.87293726,2369
0.9373472,2370
0.67058975,2371
0.79212373,2372
0.66329265,2373
0.6967007,2374
0.73134977,2375
0.939828,2376
0.92324275,2377
0.9467457,2378
0.6106814,2379
0.91493815,2380
0.8438332,2381
0.69987476,2382
0.77234715,2383
0.66523105,2384
0.74876446,2385
0.84028715,2386
0.91650736,2387
0.77818453,2388
0.6915325,2389
0.8551625,2390
0.76274645,2391
0.610807,2392
0.747127,2393
0.75786453,2394
0.7240615,2395
0.9136481,2396
0.92446035,2397
0.6052185,2398
0.66356367,2399
0.93938154,2400
0.74410975,2401
0.6988216,2402
0.65294623,2403
0.9002425,2404
0.739499,2405
0.74271905,2406
0.8055039,2407
0.8086023,2408
0.83602554,2409
0.7223963,2410
0.79416376,2411
0.9134553,2412
0.651673,2413
0.7580016,2414
0.83101565,2415
0.8657201,2416
0.60544693,2417
0.8841252,2418
0.8894177,2419
0.7288505,2420
0.89323604,2421
0.89498824,2422
0.6608586,2423
0.80163383,2424
0.6004087,2425
0.7710501,2426
0.63041717,2427
0.65240145,2428
0.6839067,2429
0.8756911,2430
0.8549596,2431
0.83809143,2432
0.65590894,2433
0.8936605,2434
0.9059095,2435
0.939134,2436
0.7582944,2437
0.8348932,2438
0.9064766,2439
0.8818637,2440
0.77228636,2441
0.604979,2442
0.8172509,2443
0.75324076,2444
0.92551136,2445
0.7975968,2446
0.85855097,2447
0.86875445,2448
0.61983037,2449
0.8614361,2450
0.78884304,2451
0.84968066,2452
0.8395667,2453
0.79364,2454
0.6028504,2455
0.77869016,2456
0.8317214,2457
0.84075207,2458
0.6086338,2459
0.80452055,2460
0.7877151,2461
0.69142705,2462
0.7635272,2463
0.94765186,2464
0.81997705,2465
0.8767501,2466
0.62221867,2467
0.61798507,2468
0.6230434,2469
0.60045743,2470
0.8324763,2471
0.85277855,2472
0.77740353,2473
0.9099321,2474
0.64473623,2475
0.84409153,2476
0.80859274,2477
0.6797872,2478
0.7235042,2479
0.9072911,2480
0.75973344,2481
0.87177545,2482
0.6191975,2483
0.609233,2484
0.6083487,2485
0.6346499,2486
0.7490431,2487
0.94307876,2488
0.667149,2489
0.7437104,2490
0.87888885,2491
0.76787466,2492
0.8341005,2493
0.79548067,2494
0.79736,2495
0.73935163,2496
0.73967,2497
0.703063,2498
0.86508065,2499
0.82321435,2500
0.8491305,2501
0.8481497,2502
0.89337593,2503
0.82734644,2504
0.68738556,2505
0.69444203,2506
0.8924814,2507
0.8632213,2508
0.91341126,2509
0.6499095,2510
0.9492943,2511
0.82784545,2512
0.8497966,2513
0.6465564,2514
0.6221941,2515
0.7318344,2516
0.69536537,2517
0.8743838,2518
0.9385278,2519
0.60320157,2520
0.61609584,2521
0.793076,2522
0.80492765,2523
0.6964307,2524
0.6072882,2525
0.80992657,2526
0.6928675,2527
0.94066393,2528
0.81492174,2529
0.6960371,2530
0.79535323,2531
0.6188606,2532
0.6501045,2533
0.84515077,2534
0.6282637,2535
0.8140691,2536
0.7914011,2537
0.92930716,2538
0.87910324,2539
0.73894763,2540
0.7470067,2541
0.6947141,2542
0.69485635,2543
0.6097682,2544
0.67622834,2545
0.8973498,2546
0.69735175,2547
0.70129544,2548
0.8998085,2549
0.92526627,2550
0.69208395,2551
0.69301254,2552
0.90942705,2553
0.8399362,2554
0.78891784,2555
0.6420111,2556
0.8884869,2557
0.8202013,2558
0.61086273,2559
0.7717253,2560
0.84469044,2561
0.8577153,2562
0.80064845,2563
0.75584406,2564
0.8019608,2565
0.81698847,2566
0.7649969,2567
0.71674156,2568
0.7494656,2569
0.936105,2570
0.8363795,2571
0.7830173,2572
0.7130813,2573
0.626196,2574
0.6270519,2575
0.7573568,2576
0.69575477,2577
0.7080408,2578
0.93219006,2579
0.83485764,2580
0.8036299,2581
0.70235956,2582
0.7748603,2583
0.63413614,2584
0.760399,2585
0.80352765,2586
0.83727276,2587
0.78852814,2588
0.6826856,2589
0.73347247,2590
0.80019873,2591
0.9296422,2592
0.7067812,2593
0.9255925,2594
0.60618883,2595
0.8047583,2596
0.8700519,2597
0.7089472,2598
0.7188282,2599
0.71542484,2600
0.865308,2601
0.663773,2602
0.8581749,2603
0.8036158,2604
0.62523454,2605
0.8184125,2606
0.7714969,2607
0.78435254,2608
0.7801913,2609
0.88530046,2610
0.91041285,2611
0.67610073,2612
0.81784284,2613
0.71285874,2614
0.602941,2615
0.6586972,2616
0.7991306,2617
0.81471497,2618
0.724424,2619
0.6416505,2620
0.89076304,2621
0.8901527,2622
0.6078827,2623
0.773301,2624
0.81893814,2625
0.897767,2626
0.6205053,2627
0.8800624,2628
0.7326477,2629
0.7846111,2630
0.86346674,2631
0.6369349,2632
0.6126816,2633
0.8946199,2634
0.68237513,2635
0.7850898,2636
0.774067,2637
0.6951072,2638
0.9129587,2639
0.74377453,2640
0.668412,2641
0.91030985,2642
0.78742254,2643
0.9241115,2644
0.834602,2645
0.78207034,2646
0.92779166,2647
0.92353356,2648
0.8634469,2649
0.943758,2650
0.60254514,2651
0.7007603,2652
0.61799496,2653
0.85712636,2654
0.7726465,2655
0.7382188,2656
0.7707877,2657
0.7956567,2658
0.9014772,2659
0.84370726,2660
0.66552913,2661
0.9238375,2662
0.8351407,2663
0.6919473,2664
0.6479579,2665
0.6606161,2666
0.8673293,2667
0.6100671,2668
0.6265188,2669
0.70582336,2670
0.66987866,2671
0.7915958,2672
0.8968143,2673
0.8941124,2674
0.72344095,2675
0.86744297,2676
0.69101423,2677
0.7490096,2678
0.85940087,2679
0.9324679,2680
0.7208451,2681
0.6868037,2682
0.66902274,2683
0.8913381,2684
0.77777106,2685
0.8031271,2686
0.82332146,2687
0.7925829,2688
0.7361986,2689
0.84981436,2690
0.9106353,2691
0.83979726,2692
0.86904705,2693
0.89857006,2694
0.8013909,2695
0.7169283,2696
0.93769455,2697
0.87213147,2698
0.7024523,2699
0.8802139,2700
0.7746529,2701
0.8795354,2702
0.73903483,2703
0.80436236,2704
0.78447956,2705
0.6311801,2706
0.80789846,2707
0.8002132,2708
0.78900254,2709
0.82312995,2710
0.78353775,2711
0.8145754,2712
0.8079619,2713
0.84250635,2714
0.8706691,2715
0.6431808,2716
0.6572371,2717
0.9057553,2718
0.91871095,2719
0.8461627,2720
0.6201601,2721
0.86655056,2722
0.808084,2723
0.8958554,2724
0.70207703,2725
0.9102195,2726
0.8959134,2727
0.71332073,2728
0.6141622,2729
0.77288437,2730
0.90125316,2731
0.69718874,2732
0.86154807,2733
0.76700705,2734
0.9377318,2735
0.8879623,2736
0.90343285,2737
0.7684168,2738
0.7445346,2739
0.949231,2740
0.6284241,2741
0.7327201,2742
0.8916023,2743
0.93493897,2744
0.80991894,2745
0.84193635,2746
0.92737204,2747
0.88573337,2748
0.8944021,2749
0.8047127,2750
0.74505407,2751
0.7661634,2752
0.6857634,2753
0.6249242,2754
0.7673373,2755
0.9150305,2756
0.93989545,2757
0.7737876,2758
0.6411879,2759
0.742559,2760
0.7001513,2761
0.8568579,2762
0.80765784,2763
0.6016588,2764
0.87656814,2765
0.72746676,2766
0.79559684,2767
0.82471627,2768
0.8079356,2769
0.72309333,2770
0.63541466,2771
0.60303515,2772
0.67517215,2773
0.6273476,2774
0.88900524,2775
0.88267314,2776
0.6956796,2777
0.82085925,2778
0.83855176,2779
0.70814544,2780
0.7611602,2781
0.7645368,2782
0.90123224,2783
0.8489257,2784
0.64688605,2785
0.7143626,2786
0.7861324,2787
0.8526331,2788
0.80088943,2789
0.7186641,2790
0.69598067,2791
0.71781516,2792
0.75731856,2793
0.94705015,2794
0.77727544,2795
0.8184076,2796
0.69340134,2797
0.87701833,2798
0.6097129,2799
0.8597707,2800
0.81704926,2801
0.677898,2802
0.6916536,2803
0.8676138,2804
0.8617255,2805
0.86524665,2806
0.6933874,2807
0.73098844,2808
0.69891834,2809
0.92256427,2810
0.79161686,2811
0.6622727,2812
0.7877683,2813
0.86503506,2814
0.8151111,2815
0.8440216,2816
0.724848,2817
0.78673506,2818
0.6619085,2819
0.75003433,2820
0.74303734,2821
0.7733923,2822
0.7015648,2823
0.6415994,2824
0.87261087,2825
0.6393956,2826
0.9270388,2827
0.7606085,2828
0.8034907,2829
0.7977942,2830
0.9455648,2831
0.7679471,2832
0.62696165,2833
0.7900453,2834
0.7669269,2835
0.7870119,2836
0.6431647,2837
0.71677834,2838
0.62248594,2839
0.74452364,2840
0.77988964,2841
0.9481658,2842
0.67768997,2843
0.7291309,2844
0.67255366,2845
0.76487815,2846
0.8282642,2847
0.74560946,2848
0.7833229,2849
0.60833234,2850
0.8143053,2851
0.67199975,2852
0.7962758,2853
0.7429916,2854
0.6035816,2855
0.7348207,2856
0.8134567,2857
0.61956584,2858
0.7185107,2859
0.6214522,2860
0.75864273,2861
0.6530444,2862
0.6404717,2863
0.9187716,2864
0.600811,2865
0.62095547,2866
0.7707685,2867
0.9101563,2868
0.65053046,2869
0.88130236,2870
0.78571886,2871
0.93024635,2872
0.8270363,2873
0.7456101,2874
0.8528799,2875
0.7926526,2876
0.70986575,2877
0.83179516,2878
0.88788384,2879
0.9012019,2880
0.7856915,2881
0.87459004,2882
0.83589107,2883
0.92526466,2884
0.80162215,2885
0.81063986,2886
0.65768784,2887
0.92209184,2888
0.7214737,2889
0.6508267,2890
0.6023324,2891
0.9023468,2892
0.7628822,2893
0.6134855,2894
0.7360685,2895
0.9093126,2896
0.86490726,2897
0.8101094,2898
0.7665405,2899
0.63042015,2900
0.66762257,2901
0.70120996,2902
0.92060804,2903
0.7524421,2904
0.7309239,2905
0.74932015,2906
0.835429,2907
0.7421768,2908
0.86190325,2909
0.94767433,2910
0.7401394,2911
0.78736925,2912
0.716387,2913
0.7044811,2914
0.64068466,2915
0.8374755,2916
0.7644478,2917
0.72213554,2918
0.7208898,2919
0.8415935,2920
0.7426499,2921
0.89059436,2922
0.6052169,2923
0.65963453,2924
0.79494494,2925
0.87588197,2926
0.7859917,2927
0.76583076,2928
0.8242627,2929
0.92414546,2930
0.62222034,2931
0.77725196,2932
0.824457,2933
0.8901612,2934
0.67545253,2935
0.8169191,2936
0.68756133,2937
0.90605056,2938
0.93020046,2939
0.72747636,2940
0.6724883,2941
0.9426445,2942
0.8736206,2943
0.7575449,2944
0.78140265,2945
0.7191888,2946
0.6464848,2947
0.6504517,2948
0.88224405,2949
0.91238016,2950
0.92213887,2951
0.60339725,2952
0.93424433,2953
0.825985,2954
0.6107437,2955
0.68638533,2956
0.9318059,2957
0.8089023,2958
0.93374866,2959
0.9441423,2960
0.6407892,2961
0.86224467,2962
0.92456764,2963
0.92865014,2964
0.8614778,2965
0.76018304,2966
0.69590586,2967
0.68879765,2968
0.7378149,2969
0.65943086,2970
0.62232816,2971
0.75268203,2972
0.6512161,2973
0.6421739,2974
0.60513884,2975
0.91238964,2976
0.62124443,2977
0.9382352,2978
0.61207396,2979
0.8550429,2980
0.699032,2981
0.9016892,2982
0.758826,2983
0.6505312,2984
0.9094479,2985
0.7138208,2986
0.8983851,2987
0.71708614,2988
0.7079023,2989
0.9446441,2990
0.60480446,2991
0.8815012,2992
0.8075309,2993
0.9105032,2994
0.80116117,2995
0.6905417,2996
0.6392588,2997
0.92869747,2998
0.71408343,2999
0.6955907,3000
0.6147296,3001
0.7727303,3002
0.9448108,3003
0.87548566,3004
0.81336707,3005
0.8153893,3006
0.80447215,3007
0.6296504,3008
0.83716583,3009
0.91164017,3010
0.65880203,3011
0.69035256,3012
0.79000014,3013
0.6719168,3014
0.94330734,3015
0.6161946,3016
0.8487051,3017
0.8496501,3018
0.6760881,3019
0.88068146,3020
0.8900947,3021
0.79175955,3022
0.70452964,3023
0.8473049,3024
0.92865115,3025
0.8953157,3026
0.78581893,3027
0.67673165,3028
0.802666,3029
0.7442916,3030
0.9196544,3031
0.88420856,3032
0.6927359,3033
0.79738843,3034
0.71778333,3035
0.66433614,3036
0.7304478,3037
0.63207746,3038
0.6776475,3039
0.77718145,3040
0.8668699,3041
0.6972279,3042
0.92484283,3043
0.61532944,3044
0.9252566,3045
0.8510299,3046
0.62441045,3047
0.6029832,3048
0.72355187,3049
0.9243763,3050
0.73815334,3051
0.6683568,3052
0.92577696,3053
0.65092176,3054
0.61518836,3055
0.7132465,3056
0.65998876,3057
0.6109798,3058
0.9437412,3059
0.63622236,3060
0.8186086,3061
0.9464494,3062
0.74215955,3063
0.8449393,3064
0.8201691,3065
0.66634804,3066
0.6970382,3067
0.88779074,3068
0.8417314,3069
0.902185,3070
0.6590804,3071
0.7603797,3072
0.8247237,3073
0.7555727,3074
0.71301115,3075
0.8142096,3076
0.7702951,3077
0.92229056,3078
0.75309,3079
0.8938911,3080
0.89591664,3081
0.6132616,3082
0.7291565,3083
0.6032526,3084
0.64941376,3085
0.7890986,3086
0.6631857,3087
0.64241314,3088
0.8426675,3089
0.6884164,3090
0.6097188,3091
0.9308183,3092
0.7220907,3093
0.7070643,3094
0.6006306,3095
0.8732969,3096
0.83661526,3097
0.61563575,3098
0.6292888,3099
0.62458044,3100
0.9252118,3101
0.67101544,3102
0.9339891,3103
0.8263292,3104
0.89632016,3105
0.9280411,3106
0.8098849,3107
0.76584077,3108
0.62585557,3109
0.81271464,3110
0.93584585,3111
0.7779606,3112
0.7917896,3113
0.91062516,3114
0.9010822,3115
0.6008372,3116
0.90381724,3117
0.6807777,3118
0.74585366,3119
0.6524199,3120
0.9292861,3121
0.65599614,3122
0.8093288,3123
0.76480377,3124
0.8238099,3125
0.92949563,3126
0.85630983,3127
0.7412871,3128
0.6610681,3129
0.88462555,3130
0.935212,3131
0.917964,3132
0.72400695,3133
0.6631887,3134
0.77995443,3135
0.8219846,3136
0.9250347,3137
0.6514219,3138
0.76844627,3139
0.8016351,3140
0.8914591,3141
0.8276802,3142
0.81862277,3143
0.60310805,3144
0.75570387,3145
0.8985407,3146
0.61439514,3147
0.8478757,3148
0.8589026,3149
0.9121539,3150
0.8430451,3151
0.8387909,3152
0.88446337,3153
0.84749335,3154
0.7578354,3155
0.6158003,3156
0.61935,3157
0.6811945,3158
0.6027168,3159
0.7783973,3160
0.8678948,3161
0.7830824,3162
0.847883,3163
0.8849391,3164
0.6221409,3165
0.8539668,3166
0.72824144,3167
0.9398082,3168
0.8970618,3169
0.78608525,3170
0.83879286,3171
0.8592935,3172
0.62951106,3173
0.70812005,3174
0.61410487,3175
0.64004624,3176
0.65696025,3177
0.90501344,3178
0.83076555,3179
0.91458863,3180
0.79307747,3181
0.915155,3182
0.6223521,3183
0.78847706,3184
0.7754146,3185
0.6675553,3186
0.6792245,3187
0.6149589,3188
0.84757704,3189
0.9042259,3190
0.924511,3191
0.7771359,3192
0.6211992,3193
0.91483706,3194
0.8649029,3195
0.69653594,3196
0.8077477,3197
0.93776774,3198
0.6225524,3199
0.687058,3200
0.7367427,3201
0.63913053,3202
0.64192575,3203
0.94492954,3204
0.9473151,3205
0.6285432,3206
0.6093002,3207
0.9345482,3208
0.9024128,3209
0.70574075,3210
0.8528494,3211
0.72330755,3212
0.94602585,3213
0.6327966,3214
0.787401,3215
0.84252095,3216
0.93282515,3217
0.71432614,3218
0.72332865,3219
0.74405617,3220
0.81871134,3221
0.8191039,3222
0.8413391,3223
0.8651471,3224
0.93114066,3225
0.8108885,3226
0.6404402,3227
0.86318845,3228
0.60860264,3229
0.70131266,3230
0.9085699,3231
0.7697384,3232
0.6280552,3233
0.84837973,3234
0.77663755,3235
0.76861805,3236
0.7611312,3237
0.7304733,3238
0.82193786,3239
0.81734025,3240
0.7522561,3241
0.67359823,3242
0.8268641,3243
0.6360989,3244
0.7255425,3245
0.6219742,3246
0.9197658,3247
0.69225097,3248
0.7103506,3249
0.8894449,3250
0.69529957,3251
0.77278554,3252
0.89170736,3253
0.7977897,3254
0.85344326,3255
0.6941218,3256
0.8230512,3257
0.9013568,3258
0.6310726,3259
0.7504169,3260
0.9278035,3261
0.6569167,3262
0.841042,3263
0.9356473,3264
0.7858938,3265
0.78885967,3266
0.7631375,3267
0.8198067,3268
0.7273773,3269
0.65989953,3270
0.9266802,3271
0.8568311,3272
0.65155065,3273
0.8608591,3274
0.75843054,3275
0.8048589,3276
0.6698521,3277
0.8541333,3278
0.8802686,3279
0.773604,3280
0.8518317,3281
0.68679345,3282
0.6439211,3283
0.75258845,3284
0.77759624,3285
0.62839663,3286
0.6619226,3287
0.6437365,3288
0.7423936,3289
0.9295737,3290
0.63897586,3291
0.8119789,3292
0.6507618,3293
0.8461814,3294
0.6194283,3295
0.8188053,3296
0.7230041,3297
0.80594426,3298
0.9473166,3299
0.9402789,3300
0.6298688,3301
0.7284638,3302
0.6085643,3303
0.7545876,3304
0.62001944,3305
0.8921549,3306
0.88503176,3307
0.7162092,3308
0.94013256,3309
0.7238383,3310
0.82675564,3311
0.61295956,3312
0.6758501,3313
0.7381874,3314
0.7228921,3315
0.6213777,3316
0.8821994,3317
0.69980514,3318
0.6277447,3319
0.7883018,3320
0.8323986,3321
0.85889804,3322
0.7074266,3323
0.7376235,3324
0.92676765,3325
0.9247009,3326
0.6189409,3327
0.9241849,3328
0.6379087,3329
0.8865411,3330
0.80137956,3331
0.64856565,3332
0.6850905,3333
0.7733837,3334
0.67797434,3335
0.82004905,3336
0.93231475,3337
0.6855825,3338
0.8826729,3339
0.6463727,3340
0.84263307,3341
0.9303757,3342
0.67831373,3343
0.69056255,3344
0.91438985,3345
0.8572344,3346
0.9484308,3347
0.75697774,3348
0.74485886,3349
0.80016077,3350
0.6624228,3351
0.8540449,3352
0.8695893,3353
0.7178606,3354
0.70363754,3355
0.6106646,3356
0.6415913,3357
0.7416422,3358
0.84971595,3359
0.60794085,3360
0.9235557,3361
0.6825133,3362
0.82963437,3363
0.8153968,3364
0.8300141,3365
0.9443349,3366
0.62375593,3367
0.7005847,3368
0.7549673,3369
0.89778686,3370
0.9444152,3371
0.9195681,3372
0.8153705,3373
0.74931556,3374
0.75066215,3375
0.7809783,3376
0.81226623,3377
0.85173374,3378
0.7125043,3379
0.6105802,3380
0.91355586,3381
0.8671085,3382
0.7140923,3383
0.703235,3384
0.76113224,3385
0.6715721,3386
0.7863303,3387
0.7058723,3388
0.915975,3389
0.65357316,3390
0.8813352,3391
0.7604954,3392
0.76054156,3393
0.84368473,3394
0.8729956,3395
0.662368,3396
0.8957319,3397
0.926981,3398
0.68710667,3399
0.8946078,3400
0.7618205,3401
0.79032445,3402
0.7860128,3403
0.8709354,3404
0.78535354,3405
0.7077517,3406
0.6273057,3407
0.8973472,3408
0.6222388,3409
0.8186548,3410
0.7982208,3411
0.7020115,3412
0.6201304,3413
0.74602574,3414
0.90364695,3415
0.94521624,3416
0.89344925,3417
0.85876244,3418
0.7030441,3419
0.90448445,3420
0.6464763,3421
0.8833517,3422
0.7433486,3423
0.60212904,3424
0.83155465,3425
0.94573355,3426
0.8727398,3427
0.78970253,3428
0.6673735,3429
0.6009398,3430
0.61210996,3431
0.78392124,3432
0.9144142,3433
0.67871577,3434
0.7541155,3435
0.69199026,3436
0.8322474,3437
0.60376155,3438
0.8554886,3439
0.917139,3440
0.65052325,3441
0.87368244,3442
0.92897016,3443
0.63938296,3444
0.7419105,3445
0.9352771,3446
0.79333115,3447
0.8124363,3448
0.86915416,3449
0.79828376,3450
0.63961303,3451
0.91007364,3452
0.8383286,3453
0.65091556,3454
0.8828486,3455
0.7748566,3456
0.74420494,3457
0.7281473,3458
0.6621373,3459
0.6466938,3460
0.91221184,3461
0.9481199,3462
0.87824076,3463
0.80848217,3464
0.630023,3465
0.85977644,3466
0.8789658,3467
0.76051986,3468
0.7954482,3469
0.75295764,3470
0.6292065,3471
0.6662891,3472
0.797755,3473
0.9399248,3474
0.71341825,3475
0.6880294,3476
0.72471654,3477
0.9431047,3478
0.6450158,3479
0.6574154,3480
0.60239524,3481
0.75809526,3482
0.84064794,3483
0.62777513,3484
0.83863556,3485
0.7141933,3486
0.6204246,3487
0.7840926,3488
0.60672426,3489
0.835272,3490
0.6650797,3491
0.8311027,3492
0.69757926,3493
0.60096234,3494
0.80411035,3495
0.72743297,3496
0.7845152,3497
0.6608762,3498
0.921762,3499
0.89004594,3500
0.90221655,3501
0.60522413,3502
0.89990747,3503
0.93690985,3504
0.80331063,3505
0.8310894,3506
0.8082374,3507
0.6730436,3508
0.8205992,3509
0.731296,3510
0.68050987,3511
0.71279246,3512
0.73334247,3513
0.7486693,3514
0.6084654,3515
0.61357427,3516
0.8193843,3517
0.8387692,3518
0.77959806,3519
0.8865695,3520
0.74820334,3521
0.7979009,3522
0.6262723,3523
0.67513436,3524
0.9363124,3525
0.60615754,3526
0.8043259,3527
0.7287744,3528
0.8845802,3529
0.68300134,3530
0.6892797,3531
0.7583967,3532
0.7870847,3533
0.9269372,3534
0.9495269,3535
0.75744647,3536
0.835655,3537
0.8064478,3538
0.916671,3539
0.7377314,3540
0.7932417,3541
0.89975214,3542
0.71745205,3543
0.94745404,3544
0.92998296,3545
0.66177064,3546
0.80778235,3547
0.60229415,3548
0.76603866,3549
0.7364212,3550
0.9141765,3551
0.86494446,3552
0.61064744,3553
0.8441743,3554
0.79236466,3555
0.9407562,3556
0.7903693,3557
0.6671125,3558
0.6784435,3559
0.6201541,3560
0.72179693,3561
0.61726207,3562
0.6056805,3563
0.8669402,3564
0.91279453,3565
0.90374804,3566
0.65152335,3567
0.7727473,3568
0.622856,3569
0.8132278,3570
0.8627361,3571
0.8906462,3572
0.81600285,3573
0.62442696,3574
0.61195076,3575
0.86376745,3576
0.8473827,3577
0.8734155,3578
0.9284158,3579
0.9460311,3580
0.92697495,3581
0.8950704,3582
0.8035305,3583
0.6851319,3584
0.7936099,3585
0.846091,3586
0.60823953,3587
0.83373487,3588
0.6470267,3589
0.8088932,3590
0.749524,3591
0.6757373,3592
0.60479486,3593
0.78944945,3594
0.91097534,3595
0.9241559,3596
0.7489616,3597
0.8789204,3598
0.821479,3599
0.91869885,3600
0.948026,3601
0.8810822,3602
0.7981249,3603
0.66568124,3604
0.7045908,3605
0.9317903,3606
0.80115163,3607
0.7241119,3608
0.9104393,3609
0.6423798,3610
0.6906217,3611
0.78379464,3612
0.71310264,3613
0.8709087,3614
0.6186181,3615
0.6068471,3616
0.76339763,3617
0.71337456,3618
0.902267,3619
0.66657984,3620
0.8928997,3621
0.6013975,3622
0.6204765,3623
0.63364214,3624
0.85289186,3625
0.72032744,3626
0.7749319,3627
0.7327454,3628
0.8900896,3629
0.76083344,3630
0.6715458,3631
0.83857155,3632
0.6768763,3633
0.7130034,3634
0.7122731,3635
0.80624956,3636
0.8760616,3637
0.712752,3638
0.74492633,3639
0.86488783,3640
0.88426536,3641
0.7579657,3642
0.6557345,3643
0.7943539,3644
0.8028092,3645
0.7158892,3646
0.67458814,3647
0.6908212,3648
0.71941555,3649
0.6394253,3650
0.7529799,3651
0.69370353,3652
0.75290567,3653
0.73831797,3654
0.91751903,3655
0.8361121,3656
0.78877115,3657
0.7066097,3658
0.7774933,3659
0.6440175,3660
0.6596265,3661
0.72523886,3662
0.628392,3663
0.80891055,3664
0.8919753,3665
0.80834377,3666
0.8979316,3667
0.8935595,3668
0.750959,3669
0.6749647,3670
0.6292798,3671
0.86341834,3672
0.6833808,3673
0.80374295,3674
0.7842766,3675
0.70342267,3676
0.82785743,3677
0.6552599,3678
0.93707204,3679
0.9236313,3680
0.83354527,3681
0.86756593,3682
0.9428745,3683
0.74569,3684
0.647303,3685
0.8715851,3686
0.78959316,3687
0.917471,3688
0.8673116,3689
0.8882151,3690
0.63596874,3691
0.65691566,3692
0.90051097,3693
0.692727,3694
0.67060065,3695
0.8084341,3696
0.74240303,3697
0.7063368,3698
0.7817816,3699
0.8485618,3700
0.60192984,3701
0.8968755,3702
0.75897145,3703
0.62539715,3704
0.607094,3705
0.6537869,3706
0.8068206,3707
0.8462304,3708
0.7197902,3709
0.6907893,3710
0.6008993,3711
0.9435734,3712
0.8225805,3713
0.93212134,3714
0.9203576,3715
0.8903836,3716
0.9432117,3717
0.639579,3718
0.71004206,3719
0.78974855,3720
0.7598276,3721
0.88912255,3722
0.9465231,3723
0.70392495,3724
0.8782524,3725
0.6314854,3726
0.7401535,3727
0.61029893,3728
0.71737343,3729
0.6459226,3730
0.9333778,3731
0.7355856,3732
0.8183463,3733
0.6711272,3734
0.6858619,3735
0.81318045,3736
0.7096076,3737
0.68689543,3738
0.84511495,3739
0.7958086,3740
0.90684325,3741
0.83566105,3742
0.94334763,3743
0.79372966,3744
0.732147,3745
0.8957583,3746
0.66300744,3747
0.8338786,3748
0.8630252,3749
0.84714234,3750
0.79460484,3751
0.67085797,3752
0.8201559,3753
0.77970856,3754
0.7460662,3755
0.675203,3756
0.65644217,3757
0.8407107,3758
0.8622754,3759
0.81153035,3760
0.81391066,3761
0.6823745,3762
0.7981099,3763
0.84892935,3764
0.9118937,3765
0.70801306,3766
0.772681,3767
0.7631251,3768
0.7486143,3769
0.7136573,3770
0.67047733,3771
0.9473066,3772
0.6933491,3773
0.6144686,3774
0.6142173,3775
0.6415255,3776
0.8442861,3777
0.75242287,3778
0.77828854,3779
0.90121114,3780
0.8840827,3781
0.6032346,3782
0.7201053,3783
0.82361484,3784
0.6085093,3785
0.8513065,3786
0.6901869,3787
0.8800375,3788
0.88516676,3789
0.85330796,3790
0.61290705,3791
0.61212355,3792
0.9417893,3793
0.72050154,3794
0.682597,3795
0.7923364,3796
0.8899009,3797
0.78826916,3798
0.64803797,3799
0.8454658,3800
0.82943314,3801
0.71412385,3802
0.63323444,3803
0.8052318,3804
0.70212245,3805
0.83394635,3806
0.6522267,3807
0.87400085,3808
0.795473,3809
0.8657816,3810
0.8227693,3811
0.9051813,3812
0.60611653,3813
0.6061653,3814
0.91532683,3815
0.8524822,3816
0.79819036,3817
0.74999297,3818
0.71060294,3819
0.7982187,3820
0.8642014,3821
0.6136338,3822
0.8405362,3823
0.6566035,3824
0.84775174,3825
0.61835164,3826
0.64224464,3827
0.9190661,3828
0.8127447,3829
0.67374057,3830
0.611763,3831
0.82160753,3832
0.67671204,3833
0.69653666,3834
0.69621366,3835
0.85190177,3836
0.80205697,3837
0.8535702,3838
0.65558654,3839
0.89754546,3840
0.61714745,3841
0.6336354,3842
0.6983031,3843
0.92825985,3844
0.91711575,3845
0.65916276,3846
0.8400638,3847
0.65166867,3848
0.8265421,3849
0.9432718,3850
0.8598589,3851
0.78444797,3852
0.72729343,3853
0.8500691,3854
0.83615077,3855
0.76429975,3856
0.64804417,3857
0.9005938,3858
0.80684143,3859
0.84404993,3860
0.6881366,3861
0.7313582,3862
0.68886185,3863
0.9485596,3864
0.92219925,3865
0.6125243,3866
0.8733587,3867
0.67116374,3868
0.79545176,3869
0.7051585,3870
0.81117177,3871
0.82480264,3872
0.7576194,3873
0.7638616,3874
0.6660046,3875
0.669447,3876
0.8420298,3877
0.76855665,3878
0.78298265,3879
0.7946481,3880
0.82369787,3881
0.7639835,3882
0.650762,3883
0.79917055,3884
0.8156971,3885
0.80584073,3886
0.62839085,3887
0.91626465,3888
0.65077835,3889
0.7691536,3890
0.7097305,3891
0.613378,3892
0.8935302,3893
0.9181259,3894
0.77579796,3895
0.86737615,3896
0.85223675,3897
0.63090324,3898
0.9358785,3899
0.6251088,3900
0.8366569,3901
0.8101894,3902
0.8101854,3903
0.7145803,3904
0.87382555,3905
0.792228,3906
0.94144344,3907
0.92068154,3908
0.869512,3909
0.6956759,3910
0.7997395,3911
0.6618019,3912
0.8390193,3913
0.6367239,3914
0.80068463,3915
0.6718676,3916
0.8006238,3917
0.7632162,3918
0.75600106,3919
0.86057526,3920
0.7138508,3921
0.72218794,3922
0.6520745,3923
0.7952512,3924
0.7785221,3925
0.65406907,3926
0.64694047,3927
0.9170434,3928
0.92025065,3929
0.74612087,3930
0.9023169,3931
0.86896485,3932
0.9006727,3933
0.8562292,3934
0.7293461,3935
0.6784564,3936
0.7448265,3937
0.86585504,3938
0.65433186,3939
0.78756535,3940
0.67972195,3941
0.8099187,3942
0.81165504,3943
0.8687025,3944
0.6908968,3945
0.68361336,3946
0.85254455,3947
0.69264966,3948
0.82973593,3949
0.65751034,3950
0.7515557,3951
0.8902088,3952
0.89871377,3953
0.8056513,3954
0.65523034,3955
0.853042,3956
0.8390022,3957
0.7865968,3958
0.841535,3959
0.7214069,3960
0.6139417,3961
0.8183582,3962
0.93998605,3963
0.7190463,3964
0.8656797,3965
0.7739695,3966
0.9328772,3967
0.9410097,3968
0.8674324,3969
0.6402037,3970
0.7079936,3971
0.681115,3972
0.7162086,3973
0.93668044,3974
0.63174343,3975
0.80678916,3976
0.9397019,3977
0.72383904,3978
0.80185205,3979
0.86926955,3980
0.77103144,3981
0.7871653,3982
0.8464999,3983
0.8562851,3984
0.62579095,3985
0.67528594,3986
0.83752984,3987
0.65428376,3988
0.79594266,3989
0.6770402,3990
0.77867866,3991
0.6223033,3992
0.7903607,3993
0.9054283,3994
0.8413163,3995
0.66909635,3996
0.7352987,3997
0.8183721,3998
0.6567133,3999
0.710999,4000
0.747144,4001
0.7488676,4002
0.9226188,4003
0.62141395,4004
0.6018391,4005
0.7832774,4006
0.74084324,4007
0.670498,4008
0.706394,4009
0.7678038,4010
0.6496743,4011
0.89367956,4012
0.8170503,4013
0.8357815,4014
0.91735184,4015
0.8955412,4016
0.646654,4017
0.83805466,4018
0.89689976,4019
0.68028075,4020
0.6973523,4021
0.6906179,4022
0.63685817,4023
0.9352436,4024
0.7491701,4025
0.79873335,4026
0.8809574,4027
0.93253714,4028
0.7947185,4029
0.69417,4030
0.81156623,4031
0.84928054,4032
0.6150906,4033
0.69536227,4034
0.854583,4035
0.93098295,4036
0.6262625,4037
0.6994205,4038
0.94697404,4039
0.84408283,4040
0.76708835,4041
0.60037035,4042
0.7401014,4043
0.8418195,4044
0.8306185,4045
0.6595074,4046
0.9492145,4047
0.87737775,4048
0.6517166,4049
0.93749815,4050
0.80013597,4051
0.77637345,4052
0.7247198,4053
0.7519172,4054
0.61103576,4055
0.78895736,4056
0.7814981,4057
0.6937351,4058
0.735917,4059
0.84264976,4060
0.8257825,4061
0.89015365,4062
0.7388535,4063
0.8714905,4064
0.8456803,4065
0.9481804,4066
0.899998,4067
0.8088318,4068
0.7203543,4069
0.64126784,4070
0.92368793,4071
0.9307353,4072
0.760528,4073
0.78884065,4074
0.84200394,4075
0.9440428,4076
0.9251947,4077
0.8179342,4078
0.9211112,4079
0.8902005,4080
0.6833592,4081
0.6146357,4082
0.79717296,4083
0.92595094,4084
0.81809586,4085
0.7778129,4086
0.79448885,4087
0.6797543,4088
0.8054541,4089
0.7922037,4090
0.88082844,4091
0.80231607,4092
0.86901724,4093
0.8607259,4094
0.63971245,4095
0.81873775,4096
0.89852965,4097
0.881159,4098
0.7156074,4099
0.7982195,4100
0.6157552,4101
0.9101467,4102
0.71857846,4103
0.89231384,4104
0.80092037,4105
0.82298255,4106
0.650088,4107
0.63281035,4108
0.7360523,4109
0.75853384,4110
0.7225091,4111
0.81841516,4112
0.88667107,4113
0.9069259,4114
0.77939767,4115
0.6252732,4116
0.86309767,4117
0.92151165,4118
0.6712887,4119
0.7889569,4120
0.86047053,4121
0.7650379,4122
0.9066413,4123
0.8684925,4124
0.7549962,4125
0.6118395,4126
0.63229376,4127
0.77855223,4128
0.6362342,4129
0.80392146,4130
0.94889605,4131
0.8296542,4132
0.87543577,4133
0.85403466,4134
0.9364944,4135
0.7557265,4136
0.603746,4137
0.6072459,4138
0.6204815,4139
0.69800365,4140
0.88333964,4141
0.62425125,4142
0.87544507,4143
0.7614057,4144
0.65034753,4145
0.9077793,4146
0.9354385,4147
0.64575297,4148
0.7756681,4149
0.8445141,4150
0.8209171,4151
0.7374326,4152
0.63745135,4153
0.9382303,4154
0.6422181,4155
0.7015685,4156
0.72814655,4157
0.81208616,4158
0.8471607,4159
0.6962105,4160
0.75928396,4161
0.7397961,4162
0.7324718,4163
0.8821257,4164
0.7833582,4165
0.9461453,4166
0.93442935,4167
0.72832686,4168
0.6200572,4169
0.61399484,4170
0.60217476,4171
0.64691883,4172
0.64776355,4173
0.8244701,4174
0.8114376,4175
0.73590153,4176
0.74660337,4177
0.69158065,4178
0.6844908,4179
0.8271775,4180
0.66597235,4181
0.90218073,4182
0.68711436,4183
0.72405857,4184
0.8014161,4185
0.74063665,4186
0.7322218,4187
0.9189444,4188
0.8393325,4189
0.8510347,4190
0.72625,4191
0.93750995,4192
0.7368597,4193
0.89392364,4194
0.6643939,4195
0.7011501,4196
0.789452,4197
0.903598,4198
0.94539165,4199
0.8345872,4200
0.7673052,4201
0.7322502,4202
0.8465553,4203
0.94499916,4204
0.76763624,4205
0.64890224,4206
0.9005399,4207
0.75253546,4208
0.88739365,4209
0.7345742,4210
0.6437527,4211
0.79368466,4212
0.61536527,4213
0.84592855,4214
0.66802156,4215
0.7004626,4216
0.7950881,4217
0.8585679,4218
0.893184,4219
0.63917303,4220
0.8581782,4221
0.78797406,4222
0.74033016,4223
0.90413624,4224
0.8611021,4225
0.709241,4226
0.63769627,4227
0.65391654,4228
0.860726,4229
0.8978063,4230
0.62024605,4231
0.74992645,4232
0.89773184,4233
0.86266834,4234
0.7936554,4235
0.7571963,4236
0.8808514,4237
0.9213475,4238
0.6737958,4239
0.8133071,4240
0.6102999,4241
0.8406657,4242
0.9292951,4243
0.7943752,4244
0.66445804,4245
0.8421888,4246
0.63842696,4247
0.7060184,4248
0.69506615,4249
0.6065926,4250
0.70810544,4251
0.6354801,4252
0.6633146,4253
0.6090083,4254
0.64964575,4255
0.76568544,4256
0.69246316,4257
0.64725065,4258
0.9430415,4259
0.8538676,4260
0.62020504,4261
0.74589914,4262
0.82620996,4263
0.7521827,4264
0.90056884,4265
0.71134186,4266
0.83198017,4267
0.7706904,4268
0.87314945,4269
0.7210177,4270
0.7569792,4271
0.94716185,4272
0.7471547,4273
0.8902881,4274
0.66764987,4275
0.6248553,4276
0.9091614,4277
0.71814275,4278
0.7421496,4279
0.781352,4280
0.77085704,4281
0.7825259,4282
0.6018024,4283
0.8275722,4284
0.8456636,4285
0.7916615,4286
0.6603345,4287
0.6994251,4288
0.7295727,4289
0.8012735,4290
0.6047325,4291
0.7577286,4292
0.6374485,4293
0.665308,4294
0.6942084,4295
0.91538805,4296
0.91633445,4297
0.7792027,4298
0.90334725,4299
0.9086347,4300
0.6832591,4301
0.937578,4302
0.6248332,4303
0.82277715,4304
0.84145004,4305
0.9462639,4306
0.76087934,4307
0.840509,4308
0.83039194,4309
0.8615293,4310
0.6288469,4311
0.60521466,4312
0.8710214,4313
0.9380044,4314
0.8233396,4315
0.8468437,4316
0.6474005,4317
0.6222217,4318
0.83560896,4319
0.83117324,4320
0.73598397,4321
0.82783324,4322
0.74060524,4323
0.70868105,4324
0.68840367,4325
0.7047658,4326
0.77245104,4327
0.89933234,4328
0.6517083,4329
0.7717869,4330
0.9096608,4331
0.9276664,4332
0.71345574,4333
0.9160585,4334
0.62212515,4335
0.9138287,4336
0.70284194,4337
0.92049897,4338
0.9426834,4339
0.69953495,4340
0.78463066,4341
0.8057557,4342
0.7590965,4343
0.6820986,4344
0.69027746,4345
0.9014915,4346
0.92592657,4347
0.69727826,4348
0.6807019,4349
0.945725,4350
0.6194674,4351
0.7271867,4352
0.8199872,4353
0.7797197,4354
0.785125,4355
0.8434435,4356
0.92280847,4357
0.6241489,4358
0.75701416,4359
0.60729426,4360
0.7904925,4361
0.7565829,4362
0.6422702,4363
0.6406405,4364
0.8109535,4365
0.84485316,4366
0.7639919,4367
0.7968799,4368
0.8912685,4369
0.76660407,4370
0.73188823,4371
0.9061672,4372
0.9027234,4373
0.90958595,4374
0.7794639,4375
0.79570854,4376
0.629664,4377
0.9484302,4378
0.6465918,4379
0.6091895,4380
0.80601555,4381
0.9203573,4382
0.7912777,4383
0.8883416,4384
0.8927845,4385
0.8322863,4386
0.72666955,4387
0.7320971,4388
0.60431665,4389
0.8278568,4390
0.6102354,4391
0.86542505,4392
0.9442026,4393
0.632811,4394
0.689408,4395
0.6318497,4396
0.891737,4397
0.7434048,4398
0.6493836,4399
0.61100924,4400
0.81625414,4401
0.8513717,4402
0.6988039,4403
0.8820462,4404
0.9172268,4405
0.63814497,4406
0.6985804,4407
0.8181336,4408
0.75475997,4409
0.91719306,4410
0.8143224,4411
0.70795035,4412
0.8009574,4413
0.8337861,4414
0.7635906,4415
0.7189429,4416
0.7140095,4417
0.85203403,4418
0.74159,4419
0.91774756,4420
0.7601339,4421
0.88883513,4422
0.7727736,4423
0.6728579,4424
0.7471168,4425
0.6468226,4426
0.80498224,4427
0.8776311,4428
0.7290453,4429
0.78594166,4430
0.8574142,4431
0.7408687,4432
0.728434,4433
0.7127929,4434
0.87002885,4435
0.7055251,4436
0.9207249,4437
0.80123705,4438
0.90609616,4439
0.72672987,4440
0.6754644,4441
0.7568676,4442
0.9193195,4443
0.68377614,4444
0.65035874,4445
0.72976977,4446
0.9240612,4447
0.8901578,4448
0.7479506,4449
0.664957,4450
0.9128878,4451
0.81377625,4452
0.6384031,4453
0.807722,4454
0.8165089,4455
0.785029,4456
0.8055981,4457
0.7174577,4458
0.8110536,4459
0.73708355,4460
0.87780285,4461
0.7963434,4462
0.85464096,4463
0.7630857,4464
0.6174398,4465
0.86988646,4466
0.8729989,4467
0.7802503,4468
0.8288115,4469
0.8504722,4470
0.740452,4471
0.9498616,4472
0.9050882,4473
0.645182,4474
0.8191353,4475
0.6076587,4476
0.749703,4477
0.7675026,4478
0.9432332,4479
0.6131634,4480
0.6730482,4481
0.644913,4482
0.65323895,4483
0.7957113,4484
0.91129404,4485
0.69070506,4486
0.7488326,4487
0.9027219,4488
0.61687034,4489
0.72881275,4490
0.7385389,4491
0.712459,4492
0.91292626,4493
0.66005063,4494
0.7893526,4495
0.89966255,4496
0.8024762,4497
0.62275827,4498
0.88337135,4499
0.78015614,4500
0.6590575,4501
0.79938966,4502
0.79669636,4503
0.8686754,4504
0.73074764,4505
0.7013528,4506
0.81807494,4507
0.9033695,4508
0.67786044,4509
0.6290493,4510
0.86629164,4511
0.90270925,4512
0.67618155,4513
0.7282874,4514
0.76841515,4515
0.8013575,4516
0.8567837,4517
0.7961052,4518
0.7105583,4519
0.8083374,4520
0.8251574,4521
0.69648516,4522
0.6611343,4523
0.7487035,4524
0.8490072,4525
0.6549213,4526
0.6422894,4527
0.628608,4528
0.67641336,4529
0.6579788,4530
0.94051844,4531
0.647719,4532
0.7974666,4533
0.72483796,4534
0.87981457,4535
0.9037826,4536
0.9431954,4537
0.81728214,4538
0.75297403,4539
0.6601357,4540
0.7229314,4541
0.7503217,4542
0.7243155,4543
0.7209709,4544
0.80825895,4545
0.7446755,4546
0.7872329,4547
0.864287,4548
0.8290598,4549
0.8915862,4550
0.78960097,4551
0.75949615,4552
0.73502445,4553
0.6996858,4554
0.88653076,4555
0.7602055,4556
0.83876956,4557
0.83537793,4558
0.60346675,4559
0.7776913,4560
0.8490722,4561
0.72559357,4562
0.8696733,4563
0.8548518,4564
0.88517344,4565
0.88989246,4566
0.85715234,4567
0.6065683,4568
0.8390704,4569
0.7860074,4570
0.68942094,4571
0.68140906,4572
0.8363564,4573
0.63247633,4574
0.92670786,4575
0.8585732,4576
0.7709049,4577
0.8469352,4578
0.63072866,4579
0.60368186,4580
0.9101262,4581
0.6853474,4582
0.68248075,4583
0.7251229,4584
0.86053896,4585
0.7883349,4586
0.7854363,4587
0.8725309,4588
0.622293,4589
0.7740659,4590
0.7365594,4591
0.75058216,4592
0.71581763,4593
0.6944186,4594
0.6734367,4595
0.70494574,4596
0.94313973,4597
0.91840965,4598
0.614701,4599
0.7751864,4600
0.61370593,4601
0.69645846,4602
0.7463614,4603
0.6526789,4604
0.6547332,4605
0.8011794,4606
0.8988553,4607
0.7935972,4608
0.9284282,4609
0.758136,4610
0.9263324,4611
0.632892,4612
0.66929114,4613
0.69166094,4614
0.70915204,4615
0.62630457,4616
0.75325984,4617
0.715094,4618
0.6572523,4619
0.79270583,4620
0.6599578,4621
0.89547026,4622
0.90137815,4623
0.84034425,4624
0.7005539,4625
0.6428058,4626
0.6777831,4627
0.7378621,4628
0.9064084,4629
0.77094173,4630
0.9229962,4631
0.7000024,4632
0.9240778,4633
0.6313617,4634
0.713655,4635
0.64423686,4636
0.7082945,4637
0.8371534,4638
0.8815577,4639
0.86167186,4640
0.851224,4641
0.7854618,4642
0.7262762,4643
0.7315783,4644
0.67224205,4645
0.70001674,4646
0.8628949,4647
0.80204386,4648
0.9302901,4649
0.8038828,4650
0.90153986,4651
0.64631206,4652
0.8548032,4653
0.6473499,4654
0.8252148,4655
0.63344574,4656
0.9200622,4657
0.8397307,4658
0.78893614,4659
0.8795731,4660
0.67006195,4661
0.7628556,4662
0.77606016,4663
0.8790106,4664
0.614927,4665
0.9167785,4666
0.82267714,4667
0.9152052,4668
0.6702925,4669
0.67691404,4670
0.6632343,4671
0.6166322,4672
0.81813216,4673
0.8966052,4674
0.6679907,4675
0.81204474,4676
0.62256485,4677
0.790205,4678
0.672249,4679
0.94393426,4680
0.71071976,4681
0.6207492,4682
0.8944702,4683
0.7315785,4684
0.6096782,4685
0.64671826,4686
0.6771056,4687
0.60572445,4688
0.85552424,4689
0.94058,4690
0.9428299,4691
0.86758107,4692
0.62591904,4693
0.6385976,4694
0.654118,4695
0.87586963,4696
0.8148934,4697
0.8141303,4698
0.64146894,4699
0.89058226,4700
0.9031364,4701
0.92034435,4702
0.6469992,4703
0.6298776,4704
0.8340621,4705
0.68320286,4706
0.6113729,4707
0.66622436,4708
0.90514004,4709
0.6030401,4710
0.91299856,4711
0.7695732,4712
0.66587406,4713
0.8317567,4714
0.69099224,4715
0.8358912,4716
0.80216676,4717
0.8719719,4718
0.6716531,4719
0.87715304,4720
0.6074552,4721
0.60575,4722
0.64826566,4723
0.7392327,4724
0.61495864,4725
0.80315536,4726
0.7163664,4727
0.8250561,4728
0.60147995,4729
0.77476686,4730
0.6470267,4731
0.7103082,4732
0.6968249,4733
0.81973827,4734
0.83944553,4735
0.79445535,4736
0.8363809,4737
0.7607809,4738
0.7068985,4739
0.62072253,4740
0.8156993,4741
0.78221494,4742
0.76119024,4743
0.84509414,4744
0.74674803,4745
0.82225186,4746
0.7663112,4747
0.8344712,4748
0.6489361,4749
0.652749,4750
0.8775671,4751
0.6640479,4752
0.9438856,4753
0.9224663,4754
0.685144,4755
0.679728,4756
0.6672773,4757
0.63369626,4758
0.70975894,4759
0.85035914,4760
0.88938046,4761
0.94385695,4762
0.8004326,4763
0.61414266,4764
0.8145432,4765
0.6536331,4766
0.9186479,4767
0.78858703,4768
0.8288054,4769
0.74912465,4770
0.7744532,4771
0.6109477,4772
0.9148237,4773
0.72283727,4774
0.81225926,4775
0.7519916,4776
0.6425981,4777
0.74842286,4778
0.8372054,4779
0.86821383,4780
0.7611069,4781
0.7614014,4782
0.60142165,4783
0.83319885,4784
0.76355314,4785
0.94237703,4786
0.6085121,4787
0.704834,4788
0.8644274,4789
0.8034747,4790
0.9437213,4791
0.7325725,4792
0.9144071,4793
0.7942584,4794
0.7697178,4795
0.60220665,4796
0.7931665,4797
0.8734332,4798
0.8113709,4799
0.6803681,4800
0.6504869,4801
0.79614574,4802
0.6755158,4803
0.92446303,4804
0.92854834,4805
0.8449635,4806
0.78436863,4807
0.7643548,4808
0.82163006,4809
0.62115055,4810
0.9492453,4811
0.6375143,4812
0.6254446,4813
0.60907036,4814
0.6139673,4815
0.8819708,4816
0.7122375,4817
0.7476207,4818
0.82379645,4819
0.9043854,4820
0.91253316,4821
0.8486279,4822
0.7330337,4823
0.6016776,4824
0.64707226,4825
0.7997838,4826
0.8253477,4827
0.91883403,4828
0.8329405,4829
0.93753725,4830
0.811128,4831
0.66699487,4832
0.93617046,4833
0.7366073,4834
0.8690181,4835
0.73847514,4836
0.7664217,4837
0.7290545,4838
0.62249833,4839
0.9356373,4840
0.6468562,4841
0.7253586,4842
0.81104016,4843
0.6580995,4844
0.67512494,4845
0.91814405,4846
0.7164016,4847
0.9464681,4848
0.90486217,4849
0.7454845,4850
0.7528206,4851
0.77970624,4852
0.9468651,4853
0.61086935,4854
0.75307304,4855
0.6525975,4856
0.8522648,4857
0.94396764,4858
0.88279885,4859
0.9277414,4860
0.84250903,4861
0.84834236,4862
0.9279629,4863
0.68515766,4864
0.86738074,4865
0.94094396,4866
0.67642564,4867
0.8276595,4868
0.9241206,4869
0.8407386,4870
0.88275224,4871
0.8500149,4872
0.8202162,4873
0.7055708,4874
0.72060716,4875
0.85486585,4876
0.9188108,4877
0.7006242,4878
0.90707684,4879
0.8090797,4880
0.7245198,4881
0.8271217,4882
0.9149762,4883
0.7424208,4884
0.6266629,4885
0.8921063,4886
0.8624815,4887
0.84092003,4888
0.7374873,4889
0.67344034,4890
0.90154344,4891
0.72942764,4892
0.8784696,4893
0.77886707,4894
0.6120285,4895
0.7599789,4896
0.9148098,4897
0.8108511,4898
0.83879435,4899
0.84081805,4900
0.8514335,4901
0.7273571,4902
0.86384803,4903
0.837892,4904
0.63796246,4905
0.7740221,4906
0.64989096,4907
0.86469316,4908
0.60661364,4909
0.8115015,4910
0.63683116,4911
0.8353732,4912
0.84041584,4913
0.71401435,4914
0.6309928,4915
0.70852596,4916
0.91316444,4917
0.73581266,4918
0.61712384,4919
0.93115616,4920
0.8512821,4921
0.9048122,4922
0.8000271,4923
0.92534244,4924
0.8442154,4925
0.8552345,4926
0.7261099,4927
0.6597249,4928
0.6693174,4929
0.65596557,4930
0.7481878,4931
0.72165656,4932
0.61128384,4933
0.77359456,4934
0.8286017,4935
0.8158044,4936
0.7937381,4937
0.75387436,4938
0.84062546,4939
0.8711354,4940
0.9305112,4941
0.7451556,4942
0.7332875,4943
0.6409996,4944
0.7435825,4945
0.92735296,4946
0.771142,4947
0.8983769,4948
0.7793076,4949
0.65345675,4950
0.93290114,4951
0.9479136,4952
0.77265626,4953
0.89691144,4954
0.68232876,4955
0.628815,4956
0.8608122,4957
0.7877885,4958
0.780967,4959
0.93849367,4960
0.8381549,4961
0.85659075,4962
0.72008204,4963
0.7335176,4964
0.7172248,4965
0.8553422,4966
0.68773353,4967
0.62377185,4968
0.6326589,4969
0.67887616,4970
0.9190792,4971
0.8711074,4972
0.6826335,4973
0.72713435,4974
0.83663607,4975
0.9311402,4976
0.78761685,4977
0.9201737,4978
0.71325123,4979
0.6127143,4980
0.7366713,4981
0.9368736,4982
0.6379312,4983
0.64630145,4984
0.76564926,4985
0.93451595,4986
0.8935319,4987
0.6724941,4988
0.6865162,4989
0.77634156,4990
0.82600766,4991
0.7114625,4992
0.6941636,4993
0.60817575,4994
0.8869307,4995
0.89797974,4996
0.9231219,4997
0.86690027,4998
0.66435397,4999
